team1Name,team2Name,week,day,start,end,season,league,location
Cindyfurt Hawks,Debraton Bulls,1,1,13,15,2024,Platinum League,Ashleytown Grounds Field #1
Ericbury Wildcats,New Cindy Bucaneers,1,1,9,11,2024,Platinum League,Ashleytown Grounds Field #2
Potterberg Mavericks,Ericbury Wildcats,1,1,18,20,2024,Platinum League,Ashleytown Grounds Field #3
New Rachel Jacks,New Paulfort Chargers,1,1,19,21,2024,Platinum League,Susanburgh Plaza Field #1
Cindyfurt Hawks,Joshuabury Pirates,1,2,9,11,2024,Platinum League,Ashleytown Grounds Field #1
Potterberg Mavericks,New Rachel Jacks,1,2,14,16,2024,Platinum League,Ashleytown Grounds Field #2
Cindyfurt Hawks,Ericbury Wildcats,1,2,9,11,2024,Platinum League,Ashleytown Grounds Field #3
Joshuabury Pirates,New Cindy Bucaneers,1,2,17,19,2024,Platinum League,Susanburgh Plaza Field #1
Jenniferborough Mavericks,Joshuabury Pirates,1,3,13,15,2024,Platinum League,Ashleytown Grounds Field #1
Coxfurt Pirates,New Paulfort Chargers,1,3,10,12,2024,Platinum League,Ashleytown Grounds Field #2
New Paulfort Chargers,New Cindy Bucaneers,1,3,20,22,2024,Platinum League,Ashleytown Grounds Field #3
Jenniferborough Mavericks,New Deborahmouth Dolphins,1,3,18,20,2024,Platinum League,Susanburgh Plaza Field #1
Potterberg Mavericks,New Deborahmouth Dolphins,1,4,11,13,2024,Platinum League,Ashleytown Grounds Field #1
Potterberg Mavericks,Anitaberg Bobcats,1,4,20,22,2024,Platinum League,Ashleytown Grounds Field #2
Anitaberg Bobcats,Joshuabury Pirates,1,4,11,13,2024,Platinum League,Ashleytown Grounds Field #3
Ericbury Wildcats,Coxfurt Pirates,1,4,10,12,2024,Platinum League,Susanburgh Plaza Field #1
Anitaberg Bobcats,Ericbury Wildcats,1,5,16,18,2024,Platinum League,Ashleytown Grounds Field #1
Coxfurt Pirates,New Deborahmouth Dolphins,1,5,20,22,2024,Platinum League,Ashleytown Grounds Field #2
Anitaberg Bobcats,Coxfurt Pirates,1,5,11,13,2024,Platinum League,Ashleytown Grounds Field #3
Debraton Bulls,Joshuabury Pirates,1,5,14,16,2024,Platinum League,Susanburgh Plaza Field #1
Potterberg Mavericks,Joshuabury Pirates,1,6,18,20,2024,Platinum League,Ashleytown Grounds Field #1
Joshuabury Pirates,New Deborahmouth Dolphins,1,6,19,21,2024,Platinum League,Ashleytown Grounds Field #2
Ericbury Wildcats,Joshuabury Pirates,1,6,16,18,2024,Platinum League,Ashleytown Grounds Field #3
New Rachel Jacks,Coxfurt Pirates,1,6,11,13,2024,Platinum League,Susanburgh Plaza Field #1
Cindyfurt Hawks,Potterberg Mavericks,1,7,11,13,2024,Platinum League,Ashleytown Grounds Field #1
Debraton Bulls,New Paulfort Chargers,1,7,11,13,2024,Platinum League,Ashleytown Grounds Field #2
Cindyfurt Hawks,Anitaberg Bobcats,1,7,12,14,2024,Platinum League,Ashleytown Grounds Field #3
Jenniferborough Mavericks,New Cindy Bucaneers,1,7,10,12,2024,Platinum League,Susanburgh Plaza Field #1
Anitaberg Bobcats,New Paulfort Chargers,2,1,9,11,2024,Platinum League,Ashleytown Grounds Field #1
Debraton Bulls,Anitaberg Bobcats,2,1,16,18,2024,Platinum League,Ashleytown Grounds Field #2
Jenniferborough Mavericks,Ericbury Wildcats,2,1,9,11,2024,Platinum League,Ashleytown Grounds Field #3
Potterberg Mavericks,Jenniferborough Mavericks,2,1,20,22,2024,Platinum League,Susanburgh Plaza Field #1
Anitaberg Bobcats,New Cindy Bucaneers,2,2,12,14,2024,Platinum League,Ashleytown Grounds Field #1
Anitaberg Bobcats,Jenniferborough Mavericks,2,2,16,18,2024,Platinum League,Ashleytown Grounds Field #2
Joshuabury Pirates,New Paulfort Chargers,2,2,12,14,2024,Platinum League,Ashleytown Grounds Field #3
Cindyfurt Hawks,Jenniferborough Mavericks,2,2,20,22,2024,Platinum League,Susanburgh Plaza Field #1
Coxfurt Pirates,New Cindy Bucaneers,2,3,14,16,2024,Platinum League,Ashleytown Grounds Field #1
Debraton Bulls,New Deborahmouth Dolphins,2,3,19,21,2024,Platinum League,Ashleytown Grounds Field #2
Jenniferborough Mavericks,New Paulfort Chargers,2,3,14,16,2024,Platinum League,Ashleytown Grounds Field #3
Potterberg Mavericks,New Cindy Bucaneers,2,3,20,22,2024,Platinum League,Susanburgh Plaza Field #1
Cindyfurt Hawks,New Deborahmouth Dolphins,2,4,9,11,2024,Platinum League,Ashleytown Grounds Field #1
Ericbury Wildcats,New Paulfort Chargers,2,4,9,11,2024,Platinum League,Ashleytown Grounds Field #2
Potterberg Mavericks,New Paulfort Chargers,2,4,20,22,2024,Platinum League,Ashleytown Grounds Field #3
New Cindy Bucaneers,New Deborahmouth Dolphins,2,4,20,22,2024,Platinum League,Susanburgh Plaza Field #1
Debraton Bulls,Ericbury Wildcats,2,5,18,20,2024,Platinum League,Ashleytown Grounds Field #1
Potterberg Mavericks,Coxfurt Pirates,2,5,13,15,2024,Platinum League,Ashleytown Grounds Field #2
Cindyfurt Hawks,New Paulfort Chargers,2,5,15,17,2024,Platinum League,Ashleytown Grounds Field #3
Debraton Bulls,Coxfurt Pirates,2,5,13,15,2024,Platinum League,Susanburgh Plaza Field #1
Joshuabury Pirates,Coxfurt Pirates,2,6,10,12,2024,Platinum League,Ashleytown Grounds Field #1
New Paulfort Chargers,New Deborahmouth Dolphins,2,6,20,22,2024,Platinum League,Ashleytown Grounds Field #2
Anitaberg Bobcats,New Deborahmouth Dolphins,2,6,17,19,2024,Platinum League,Ashleytown Grounds Field #3
Debraton Bulls,New Rachel Jacks,2,6,14,16,2024,Platinum League,Susanburgh Plaza Field #1
Debraton Bulls,New Cindy Bucaneers,2,7,20,22,2024,Platinum League,Ashleytown Grounds Field #1
Cindyfurt Hawks,New Rachel Jacks,2,7,11,13,2024,Platinum League,Ashleytown Grounds Field #2
Ericbury Wildcats,New Deborahmouth Dolphins,2,7,12,14,2024,Platinum League,Ashleytown Grounds Field #3
Jenniferborough Mavericks,New Rachel Jacks,2,7,17,19,2024,Platinum League,Susanburgh Plaza Field #1
New Rachel Jacks,New Cindy Bucaneers,3,1,10,12,2024,Platinum League,Ashleytown Grounds Field #1
Ericbury Wildcats,New Rachel Jacks,3,1,9,11,2024,Platinum League,Ashleytown Grounds Field #2
Cindyfurt Hawks,Coxfurt Pirates,3,1,11,13,2024,Platinum League,Ashleytown Grounds Field #3
Anitaberg Bobcats,New Rachel Jacks,3,1,18,20,2024,Platinum League,Susanburgh Plaza Field #1
Debraton Bulls,Jenniferborough Mavericks,3,2,18,20,2024,Platinum League,Ashleytown Grounds Field #1
New Rachel Jacks,New Deborahmouth Dolphins,3,2,13,15,2024,Platinum League,Ashleytown Grounds Field #2
Potterberg Mavericks,Debraton Bulls,3,2,20,22,2024,Platinum League,Ashleytown Grounds Field #3
Jenniferborough Mavericks,Coxfurt Pirates,3,2,13,15,2024,Platinum League,Susanburgh Plaza Field #1
Cindyfurt Hawks,New Cindy Bucaneers,3,3,13,15,2024,Platinum League,Ashleytown Grounds Field #1
Joshuabury Pirates,New Rachel Jacks,3,3,13,15,2024,Platinum League,Ashleytown Grounds Field #2
Lake Terrence Dolphins,Woodland Hawks,1,1,11,13,2024,Obsidian League,Ashleytown Grounds Field #1
Port Jamesburgh Warriors,North Martinstad Robbers,1,1,10,12,2024,Obsidian League,Ashleytown Grounds Field #2
New Christopherburgh Hawks,North Rebeccachester Bobcats,1,1,20,22,2024,Obsidian League,Ashleytown Grounds Field #3
Lake Terrence Dolphins,North Martinstad Robbers,1,1,11,13,2024,Obsidian League,Susanburgh Plaza Field #1
Gardnerstad Sabres,Lake Terrence Dolphins,1,2,10,12,2024,Obsidian League,Ashleytown Grounds Field #1
Woodland Hawks,Maloneport Rappers,1,2,11,13,2024,Obsidian League,Ashleytown Grounds Field #2
South Michelle Warriors,Calebmouth Dolphins,1,2,17,19,2024,Obsidian League,Ashleytown Grounds Field #3
Bennettport Sabres,Sarahside Celtics,1,2,13,15,2024,Obsidian League,Susanburgh Plaza Field #1
Port Jamesburgh Warriors,Sarahside Celtics,1,3,19,21,2024,Obsidian League,Ashleytown Grounds Field #1
Gardnerstad Sabres,Sarahside Celtics,1,3,15,17,2024,Obsidian League,Ashleytown Grounds Field #2
South Michelle Warriors,New Christopherburgh Hawks,1,3,18,20,2024,Obsidian League,Ashleytown Grounds Field #3
Port Jamesburgh Warriors,Calebmouth Dolphins,1,3,14,16,2024,Obsidian League,Susanburgh Plaza Field #1
South Michelle Warriors,East Kristina Westerners,1,4,17,19,2024,Obsidian League,Ashleytown Grounds Field #1
Lake Terrence Dolphins,East Kristina Westerners,1,4,13,15,2024,Obsidian League,Ashleytown Grounds Field #2
Calebmouth Dolphins,East Kristina Westerners,1,4,16,18,2024,Obsidian League,Ashleytown Grounds Field #3
Port Cameronmouth Sox,East Kristina Westerners,1,4,15,17,2024,Obsidian League,Susanburgh Plaza Field #1
Fisherborough Robbers,Bennettport Sabres,1,5,13,15,2024,Obsidian League,Ashleytown Grounds Field #1
Gardnerstad Sabres,Bennettport Sabres,1,5,14,16,2024,Obsidian League,Ashleytown Grounds Field #2
Calebmouth Dolphins,Port Cameronmouth Sox,1,5,18,20,2024,Obsidian League,Ashleytown Grounds Field #3
South Michelle Warriors,Sarahside Celtics,1,5,20,22,2024,Obsidian League,Susanburgh Plaza Field #1
Port Jamesburgh Warriors,South Michelle Warriors,1,6,18,20,2024,Obsidian League,Ashleytown Grounds Field #1
Calebmouth Dolphins,Bennettport Sabres,1,6,10,12,2024,Obsidian League,Ashleytown Grounds Field #2
South Mason Bucaneers,Sarahside Celtics,1,6,12,14,2024,Obsidian League,Ashleytown Grounds Field #3
New Christopherburgh Hawks,Fisherborough Robbers,1,6,14,16,2024,Obsidian League,Susanburgh Plaza Field #1
Maloneport Rappers,North Martinstad Robbers,1,7,11,13,2024,Obsidian League,Ashleytown Grounds Field #1
Calebmouth Dolphins,New Christopherburgh Hawks,1,7,12,14,2024,Obsidian League,Ashleytown Grounds Field #2
Woodland Hawks,North Martinstad Robbers,1,7,17,19,2024,Obsidian League,Ashleytown Grounds Field #3
South Mason Bucaneers,North Martinstad Robbers,1,7,13,15,2024,Obsidian League,Susanburgh Plaza Field #1
Maloneport Rappers,Fisherborough Robbers,2,1,9,11,2024,Obsidian League,Ashleytown Grounds Field #1
Port Cameronmouth Sox,Maloneport Rappers,2,1,12,14,2024,Obsidian League,Ashleytown Grounds Field #2
South Michelle Warriors,Woodland Hawks,2,1,18,20,2024,Obsidian League,Ashleytown Grounds Field #3
North Rebeccachester Bobcats,Sarahside Celtics,2,1,15,17,2024,Obsidian League,Susanburgh Plaza Field #1
Port Jamesburgh Warriors,Port Cameronmouth Sox,2,2,19,21,2024,Obsidian League,Ashleytown Grounds Field #1
South Michelle Warriors,Maloneport Rappers,2,2,13,15,2024,Obsidian League,Ashleytown Grounds Field #2
South Mason Bucaneers,Fisherborough Robbers,2,2,15,17,2024,Obsidian League,Ashleytown Grounds Field #3
New Christopherburgh Hawks,South Mason Bucaneers,2,2,20,22,2024,Obsidian League,Susanburgh Plaza Field #1
South Michelle Warriors,North Rebeccachester Bobcats,2,3,13,15,2024,Obsidian League,Ashleytown Grounds Field #1
Fisherborough Robbers,North Martinstad Robbers,2,3,19,21,2024,Obsidian League,Ashleytown Grounds Field #2
South Michelle Warriors,Fisherborough Robbers,2,3,20,22,2024,Obsidian League,Ashleytown Grounds Field #3
New Christopherburgh Hawks,Lake Terrence Dolphins,2,3,20,22,2024,Obsidian League,Susanburgh Plaza Field #1
Woodland Hawks,North Rebeccachester Bobcats,2,4,9,11,2024,Obsidian League,Ashleytown Grounds Field #1
Gardnerstad Sabres,Woodland Hawks,2,4,18,20,2024,Obsidian League,Ashleytown Grounds Field #2
North Rebeccachester Bobcats,Fisherborough Robbers,2,4,11,13,2024,Obsidian League,Ashleytown Grounds Field #3
East Kristina Westerners,North Martinstad Robbers,2,4,15,17,2024,Obsidian League,Susanburgh Plaza Field #1
East Kristina Westerners,Fisherborough Robbers,2,5,17,19,2024,Obsidian League,Ashleytown Grounds Field #1
South Michelle Warriors,South Mason Bucaneers,2,5,19,21,2024,Obsidian League,Ashleytown Grounds Field #2
Port Jamesburgh Warriors,Woodland Hawks,2,5,17,19,2024,Obsidian League,Ashleytown Grounds Field #3
Gardnerstad Sabres,Fisherborough Robbers,2,5,13,15,2024,Obsidian League,Susanburgh Plaza Field #1
South Mason Bucaneers,Bennettport Sabres,2,6,9,11,2024,Obsidian League,Ashleytown Grounds Field #1
New Christopherburgh Hawks,Maloneport Rappers,2,6,19,21,2024,Obsidian League,Ashleytown Grounds Field #2
Gardnerstad Sabres,Port Jamesburgh Warriors,2,6,20,22,2024,Obsidian League,Ashleytown Grounds Field #3
Gardnerstad Sabres,East Kristina Westerners,2,6,14,16,2024,Obsidian League,Susanburgh Plaza Field #1
Lake Terrence Dolphins,South Mason Bucaneers,2,7,15,17,2024,Obsidian League,Ashleytown Grounds Field #1
Port Cameronmouth Sox,North Rebeccachester Bobcats,2,7,16,18,2024,Obsidian League,Ashleytown Grounds Field #2
Port Jamesburgh Warriors,Bennettport Sabres,2,7,18,20,2024,Obsidian League,Ashleytown Grounds Field #3
Gardnerstad Sabres,North Martinstad Robbers,2,7,11,13,2024,Obsidian League,Susanburgh Plaza Field #1
Maloneport Rappers,North Rebeccachester Bobcats,3,1,9,11,2024,Obsidian League,Ashleytown Grounds Field #1
New Christopherburgh Hawks,East Kristina Westerners,3,1,9,11,2024,Obsidian League,Ashleytown Grounds Field #2
Port Cameronmouth Sox,Lake Terrence Dolphins,3,1,17,19,2024,Obsidian League,Ashleytown Grounds Field #3
South Michelle Warriors,North Martinstad Robbers,3,1,15,17,2024,Obsidian League,Susanburgh Plaza Field #1
New Christopherburgh Hawks,Port Cameronmouth Sox,3,2,10,12,2024,Obsidian League,Ashleytown Grounds Field #1
Lake Terrence Dolphins,Sarahside Celtics,3,2,16,18,2024,Obsidian League,Ashleytown Grounds Field #2
Woodland Hawks,Bennettport Sabres,3,2,9,11,2024,Obsidian League,Ashleytown Grounds Field #3
Gardnerstad Sabres,South Michelle Warriors,3,2,20,22,2024,Obsidian League,Susanburgh Plaza Field #1
Lake Terrence Dolphins,North Rebeccachester Bobcats,3,3,10,12,2024,Obsidian League,Ashleytown Grounds Field #1
Port Jamesburgh Warriors,Maloneport Rappers,3,3,20,22,2024,Obsidian League,Ashleytown Grounds Field #2
Calebmouth Dolphins,Woodland Hawks,3,3,10,12,2024,Obsidian League,Ashleytown Grounds Field #3
Calebmouth Dolphins,Maloneport Rappers,3,3,14,16,2024,Obsidian League,Susanburgh Plaza Field #1
Lake Terrence Dolphins,Bennettport Sabres,3,4,20,22,2024,Obsidian League,Ashleytown Grounds Field #1
North Martinstad Robbers,Sarahside Celtics,3,4,19,21,2024,Obsidian League,Ashleytown Grounds Field #2
Maloneport Rappers,East Kristina Westerners,3,4,15,17,2024,Obsidian League,Ashleytown Grounds Field #3
Port Cameronmouth Sox,South Mason Bucaneers,3,4,11,13,2024,Obsidian League,Susanburgh Plaza Field #1
Calebmouth Dolphins,North Martinstad Robbers,3,5,16,18,2024,Obsidian League,Ashleytown Grounds Field #1
Port Cameronmouth Sox,Woodland Hawks,3,5,15,17,2024,Obsidian League,Ashleytown Grounds Field #2
Port Cameronmouth Sox,Bennettport Sabres,3,5,20,22,2024,Obsidian League,Ashleytown Grounds Field #3
South Michelle Warriors,Bennettport Sabres,3,5,14,16,2024,Obsidian League,Susanburgh Plaza Field #1
Port Cameronmouth Sox,Sarahside Celtics,3,6,16,18,2024,Obsidian League,Ashleytown Grounds Field #1
North Rebeccachester Bobcats,East Kristina Westerners,3,6,11,13,2024,Obsidian League,Ashleytown Grounds Field #2
Port Jamesburgh Warriors,Fisherborough Robbers,3,6,12,14,2024,Obsidian League,Ashleytown Grounds Field #3
Gardnerstad Sabres,Port Cameronmouth Sox,3,6,14,16,2024,Obsidian League,Susanburgh Plaza Field #1
East Kristina Westerners,Sarahside Celtics,3,7,10,12,2024,Obsidian League,Ashleytown Grounds Field #1
Gardnerstad Sabres,Calebmouth Dolphins,3,7,11,13,2024,Obsidian League,Ashleytown Grounds Field #2
Lake Terrence Dolphins,Maloneport Rappers,3,7,9,11,2024,Obsidian League,Ashleytown Grounds Field #3
Woodland Hawks,Fisherborough Robbers,3,7,20,22,2024,Obsidian League,Susanburgh Plaza Field #1
North Rebeccachester Bobcats,Bennettport Sabres,4,1,20,22,2024,Obsidian League,Ashleytown Grounds Field #1
North Rebeccachester Bobcats,North Martinstad Robbers,4,1,12,14,2024,Obsidian League,Ashleytown Grounds Field #2
New Christopherburgh Hawks,Woodland Hawks,4,1,13,15,2024,Obsidian League,Ashleytown Grounds Field #3
Gardnerstad Sabres,South Mason Bucaneers,4,1,9,11,2024,Obsidian League,Susanburgh Plaza Field #1
South Mason Bucaneers,Maloneport Rappers,4,2,16,18,2024,Obsidian League,Ashleytown Grounds Field #1
Woodland Hawks,South Mason Bucaneers,4,2,15,17,2024,Obsidian League,Ashleytown Grounds Field #2
Calebmouth Dolphins,South Mason Bucaneers,4,2,17,19,2024,Obsidian League,Ashleytown Grounds Field #3
Fisherborough Robbers,Sarahside Celtics,4,2,15,17,2024,Obsidian League,Susanburgh Plaza Field #1
New Christopherburgh Hawks,Bennettport Sabres,4,3,20,22,2024,Obsidian League,Ashleytown Grounds Field #1
Woodland Hawks,East Kristina Westerners,4,3,15,17,2024,Obsidian League,Ashleytown Grounds Field #2
Port Jamesburgh Warriors,Lake Terrence Dolphins,4,3,16,18,2024,Obsidian League,Ashleytown Grounds Field #3
Calebmouth Dolphins,Lake Terrence Dolphins,4,3,15,17,2024,Obsidian League,Susanburgh Plaza Field #1
Port Cameronmouth Sox,North Martinstad Robbers,4,4,18,20,2024,Obsidian League,Ashleytown Grounds Field #1
Woodland Hawks,Sarahside Celtics,4,4,20,22,2024,Obsidian League,Ashleytown Grounds Field #2
Port Cameronmouth Sox,Fisherborough Robbers,4,4,17,19,2024,Obsidian League,Ashleytown Grounds Field #3
Lake Terrence Dolphins,Fisherborough Robbers,4,4,14,16,2024,Obsidian League,Susanburgh Plaza Field #1
Calebmouth Dolphins,Sarahside Celtics,4,5,20,22,2024,Obsidian League,Ashleytown Grounds Field #1
Gardnerstad Sabres,Maloneport Rappers,4,5,17,19,2024,Obsidian League,Ashleytown Grounds Field #2
Gardnerstad Sabres,New Christopherburgh Hawks,4,5,15,17,2024,Obsidian League,Ashleytown Grounds Field #3
Maloneport Rappers,Sarahside Celtics,4,5,14,16,2024,Obsidian League,Susanburgh Plaza Field #1
Gardnerstad Sabres,North Rebeccachester Bobcats,4,6,17,19,2024,Obsidian League,Ashleytown Grounds Field #1
North Martinstad Robbers,Bennettport Sabres,4,6,15,17,2024,Obsidian League,Ashleytown Grounds Field #2
South Mason Bucaneers,North Rebeccachester Bobcats,4,6,9,11,2024,Obsidian League,Ashleytown Grounds Field #3
New Christopherburgh Hawks,Sarahside Celtics,4,6,18,20,2024,Obsidian League,Susanburgh Plaza Field #1
Maloneport Rappers,Bennettport Sabres,4,7,20,22,2024,Obsidian League,Ashleytown Grounds Field #1
South Michelle Warriors,Lake Terrence Dolphins,4,7,12,14,2024,Obsidian League,Ashleytown Grounds Field #2
Port Jamesburgh Warriors,North Rebeccachester Bobcats,4,7,9,11,2024,Obsidian League,Ashleytown Grounds Field #3
New Christopherburgh Hawks,North Martinstad Robbers,4,7,18,20,2024,Obsidian League,Susanburgh Plaza Field #1
Port Jamesburgh Warriors,South Mason Bucaneers,5,1,18,20,2024,Obsidian League,Ashleytown Grounds Field #1
Calebmouth Dolphins,North Rebeccachester Bobcats,5,1,19,21,2024,Obsidian League,Ashleytown Grounds Field #2
Port Jamesburgh Warriors,New Christopherburgh Hawks,5,1,15,17,2024,Obsidian League,Ashleytown Grounds Field #3
South Mason Bucaneers,East Kristina Westerners,5,1,10,12,2024,Obsidian League,Susanburgh Plaza Field #1
Port Jamesburgh Warriors,East Kristina Westerners,5,2,13,15,2024,Obsidian League,Ashleytown Grounds Field #1
Calebmouth Dolphins,Fisherborough Robbers,5,2,17,19,2024,Obsidian League,Ashleytown Grounds Field #2
East Kristina Westerners,Bennettport Sabres,5,2,19,21,2024,Obsidian League,Ashleytown Grounds Field #3
South Michelle Warriors,Port Cameronmouth Sox,5,2,11,13,2024,Obsidian League,Susanburgh Plaza Field #1
New Gina Pirates,Carlsonview Grizzlies,1,1,20,22,2024,Diamond League,Ashleytown Grounds Field #1
New Gina Pirates,Clairefort Hornets,1,1,10,12,2024,Diamond League,Ashleytown Grounds Field #2
New Alexandraview Celtics,Weaverview Jacks,1,1,13,15,2024,Diamond League,Ashleytown Grounds Field #3
Brianburgh Pirates,North Jamesside Rappers,1,1,16,18,2024,Diamond League,Susanburgh Plaza Field #1
New Gina Pirates,West Markstad Sox,1,2,16,18,2024,Diamond League,Ashleytown Grounds Field #1
Port Loganberg Warriors,Bergfurt Hawks,1,2,9,11,2024,Diamond League,Ashleytown Grounds Field #2
Port Loganberg Warriors,West Martinton Dolphins,1,2,9,11,2024,Diamond League,Ashleytown Grounds Field #3
West Markstad Sox,East Brittneyfurt Americans,1,2,15,17,2024,Diamond League,Susanburgh Plaza Field #1
Taylorstad Wildcats,New Gina Pirates,1,3,15,17,2024,Diamond League,Ashleytown Grounds Field #1
Villaton Rappers,Clairefort Hornets,1,3,13,15,2024,Diamond League,Ashleytown Grounds Field #2
Taylorstad Wildcats,Bergfurt Hawks,1,3,18,20,2024,Diamond League,Ashleytown Grounds Field #3
Villaton Rappers,North Nicholas Warriors,1,3,11,13,2024,Diamond League,Susanburgh Plaza Field #1
Carlsonview Grizzlies,Wilkinsbury Commandos,1,4,18,20,2024,Diamond League,Ashleytown Grounds Field #1
West Ronald Jacks,Carlsonview Grizzlies,1,4,15,17,2024,Diamond League,Ashleytown Grounds Field #2
New Alexandraview Celtics,Port Loganberg Warriors,1,4,18,20,2024,Diamond League,Ashleytown Grounds Field #3
Villaton Rappers,Bergfurt Hawks,1,4,15,17,2024,Diamond League,Susanburgh Plaza Field #1
West Markstad Sox,Hatfieldfurt Bears,1,5,10,12,2024,Diamond League,Ashleytown Grounds Field #1
Jenniferport Commandos,Richardborough Bears,1,5,10,12,2024,Diamond League,Ashleytown Grounds Field #2
Brianburgh Pirates,Weaverview Jacks,1,5,10,12,2024,Diamond League,Ashleytown Grounds Field #3
Bergfurt Hawks,West Martinton Dolphins,1,5,17,19,2024,Diamond League,Susanburgh Plaza Field #1
North Melissa Pirates,Clairefort Hornets,1,6,20,22,2024,Diamond League,Ashleytown Grounds Field #1
Port Loganberg Warriors,Wilkinsbury Commandos,1,6,15,17,2024,Diamond League,Ashleytown Grounds Field #2
Brianburgh Pirates,North Nicholas Warriors,1,6,13,15,2024,Diamond League,Ashleytown Grounds Field #3
Brianburgh Pirates,Hatfieldfurt Bears,1,6,18,20,2024,Diamond League,Susanburgh Plaza Field #1
Port Loganberg Warriors,Weaverview Jacks,1,7,9,11,2024,Diamond League,Ashleytown Grounds Field #1
New Gina Pirates,Weaverview Jacks,1,7,10,12,2024,Diamond League,Ashleytown Grounds Field #2
Port Loganberg Warriors,West Markstad Sox,1,7,19,21,2024,Diamond League,Ashleytown Grounds Field #3
Carlsonview Grizzlies,Bergfurt Hawks,1,7,13,15,2024,Diamond League,Susanburgh Plaza Field #1
Port Michellehaven Mavericks,Kellyhaven Vikings,2,1,15,17,2024,Diamond League,Ashleytown Grounds Field #1
Richardborough Bears,Villaton Rappers,2,1,19,21,2024,Diamond League,Ashleytown Grounds Field #2
New Gina Pirates,North Melissa Pirates,2,1,12,14,2024,Diamond League,Ashleytown Grounds Field #3
Villaton Rappers,West Martinton Dolphins,2,1,12,14,2024,Diamond League,Susanburgh Plaza Field #1
North Nicholas Warriors,Clairefort Hornets,2,2,18,20,2024,Diamond League,Ashleytown Grounds Field #1
West Ronald Jacks,North Nicholas Warriors,2,2,18,20,2024,Diamond League,Ashleytown Grounds Field #2
Brianburgh Pirates,Jenniferport Commandos,2,2,10,12,2024,Diamond League,Ashleytown Grounds Field #3
Carlsonview Grizzlies,West Martinton Dolphins,2,2,16,18,2024,Diamond League,Susanburgh Plaza Field #1
Richardborough Bears,North Jamesside Rappers,2,3,17,19,2024,Diamond League,Ashleytown Grounds Field #1
Port Michellehaven Mavericks,North Nicholas Warriors,2,3,14,16,2024,Diamond League,Ashleytown Grounds Field #2
Kellyhaven Vikings,West Martinton Dolphins,2,3,11,13,2024,Diamond League,Ashleytown Grounds Field #3
East Brittneyfurt Americans,West Martinton Dolphins,2,3,19,21,2024,Diamond League,Susanburgh Plaza Field #1
Taylorstad Wildcats,Richardborough Bears,2,4,13,15,2024,Diamond League,Ashleytown Grounds Field #1
Port Loganberg Warriors,Clairefort Hornets,2,4,15,17,2024,Diamond League,Ashleytown Grounds Field #2
Brianburgh Pirates,Port Loganberg Warriors,2,4,10,12,2024,Diamond League,Ashleytown Grounds Field #3
Jenniferport Commandos,West Markstad Sox,2,4,10,12,2024,Diamond League,Susanburgh Plaza Field #1
Jenniferport Commandos,Clairefort Hornets,2,5,19,21,2024,Diamond League,Ashleytown Grounds Field #1
Jenniferport Commandos,North Nicholas Warriors,2,5,12,14,2024,Diamond League,Ashleytown Grounds Field #2
Brianburgh Pirates,Wilkinsbury Commandos,2,5,11,13,2024,Diamond League,Ashleytown Grounds Field #3
Taylorstad Wildcats,West Martinton Dolphins,2,5,12,14,2024,Diamond League,Susanburgh Plaza Field #1
Carlsonview Grizzlies,East Brittneyfurt Americans,2,6,13,15,2024,Diamond League,Ashleytown Grounds Field #1
Carlsonview Grizzlies,Jamesburgh Sox,2,6,18,20,2024,Diamond League,Ashleytown Grounds Field #2
New Gina Pirates,North Nicholas Warriors,2,6,18,20,2024,Diamond League,Ashleytown Grounds Field #3
West Ronald Jacks,New Alexandraview Celtics,2,6,10,12,2024,Diamond League,Susanburgh Plaza Field #1
Hatfieldfurt Bears,North Jamesside Rappers,2,7,15,17,2024,Diamond League,Ashleytown Grounds Field #1
Villaton Rappers,North Jamesside Rappers,2,7,13,15,2024,Diamond League,Ashleytown Grounds Field #2
Wilkinsbury Commandos,Clairefort Hornets,2,7,18,20,2024,Diamond League,Ashleytown Grounds Field #3
Villaton Rappers,West Markstad Sox,2,7,11,13,2024,Diamond League,Susanburgh Plaza Field #1
Brianburgh Pirates,Villaton Rappers,3,1,15,17,2024,Diamond League,Ashleytown Grounds Field #1
New Alexandraview Celtics,Hatfieldfurt Bears,3,1,17,19,2024,Diamond League,Ashleytown Grounds Field #2
Jamesburgh Sox,Weaverview Jacks,3,1,13,15,2024,Diamond League,Ashleytown Grounds Field #3
Richardborough Bears,Weaverview Jacks,3,1,19,21,2024,Diamond League,Susanburgh Plaza Field #1
North Melissa Pirates,North Jamesside Rappers,3,2,11,13,2024,Diamond League,Ashleytown Grounds Field #1
New Gina Pirates,Kellyhaven Vikings,3,2,10,12,2024,Diamond League,Ashleytown Grounds Field #2
West Ronald Jacks,West Markstad Sox,3,2,10,12,2024,Diamond League,Ashleytown Grounds Field #3
Brianburgh Pirates,Taylorstad Wildcats,3,2,17,19,2024,Diamond League,Susanburgh Plaza Field #1
West Markstad Sox,Weaverview Jacks,3,3,14,16,2024,Diamond League,Ashleytown Grounds Field #1
North Nicholas Warriors,Wilkinsbury Commandos,3,3,13,15,2024,Diamond League,Ashleytown Grounds Field #2
Jamesburgh Sox,Kellyhaven Vikings,3,3,12,14,2024,Diamond League,Ashleytown Grounds Field #3
Port Loganberg Warriors,Hatfieldfurt Bears,3,3,20,22,2024,Diamond League,Susanburgh Plaza Field #1
Richardborough Bears,Carlsonview Grizzlies,3,4,14,16,2024,Diamond League,Ashleytown Grounds Field #1
Jenniferport Commandos,Hatfieldfurt Bears,3,4,17,19,2024,Diamond League,Ashleytown Grounds Field #2
West Ronald Jacks,Hatfieldfurt Bears,3,4,15,17,2024,Diamond League,Ashleytown Grounds Field #3
West Ronald Jacks,New Gina Pirates,3,4,9,11,2024,Diamond League,Susanburgh Plaza Field #1
Jenniferport Commandos,Villaton Rappers,3,5,18,20,2024,Diamond League,Ashleytown Grounds Field #1
Port Michellehaven Mavericks,Jenniferport Commandos,3,5,12,14,2024,Diamond League,Ashleytown Grounds Field #2
Jenniferport Commandos,Weaverview Jacks,3,5,17,19,2024,Diamond League,Ashleytown Grounds Field #3
New Gina Pirates,North Jamesside Rappers,3,5,19,21,2024,Diamond League,Susanburgh Plaza Field #1
Brianburgh Pirates,West Markstad Sox,3,6,14,16,2024,Diamond League,Ashleytown Grounds Field #1
Port Michellehaven Mavericks,Weaverview Jacks,3,6,11,13,2024,Diamond League,Ashleytown Grounds Field #2
Port Michellehaven Mavericks,Richardborough Bears,3,6,16,18,2024,Diamond League,Ashleytown Grounds Field #3
Weaverview Jacks,Bergfurt Hawks,3,6,19,21,2024,Diamond League,Susanburgh Plaza Field #1
New Alexandraview Celtics,Villaton Rappers,3,7,12,14,2024,Diamond League,Ashleytown Grounds Field #1
Wilkinsbury Commandos,North Jamesside Rappers,3,7,11,13,2024,Diamond League,Ashleytown Grounds Field #2
New Gina Pirates,West Martinton Dolphins,3,7,17,19,2024,Diamond League,Ashleytown Grounds Field #3
West Ronald Jacks,West Martinton Dolphins,3,7,17,19,2024,Diamond League,Susanburgh Plaza Field #1
Taylorstad Wildcats,New Alexandraview Celtics,4,1,13,15,2024,Diamond League,Ashleytown Grounds Field #1
Jenniferport Commandos,New Gina Pirates,4,1,17,19,2024,Diamond League,Ashleytown Grounds Field #2
New Gina Pirates,Jamesburgh Sox,4,1,10,12,2024,Diamond League,Ashleytown Grounds Field #3
North Nicholas Warriors,Kellyhaven Vikings,4,1,13,15,2024,Diamond League,Susanburgh Plaza Field #1
North Nicholas Warriors,North Melissa Pirates,4,2,17,19,2024,Diamond League,Ashleytown Grounds Field #1
New Gina Pirates,Villaton Rappers,4,2,11,13,2024,Diamond League,Ashleytown Grounds Field #2
Villaton Rappers,Wilkinsbury Commandos,4,2,19,21,2024,Diamond League,Ashleytown Grounds Field #3
West Ronald Jacks,Jamesburgh Sox,4,2,19,21,2024,Diamond League,Susanburgh Plaza Field #1
West Markstad Sox,Clairefort Hornets,4,3,9,11,2024,Diamond League,Ashleytown Grounds Field #1
New Alexandraview Celtics,North Jamesside Rappers,4,3,12,14,2024,Diamond League,Ashleytown Grounds Field #2
North Melissa Pirates,Wilkinsbury Commandos,4,3,11,13,2024,Diamond League,Ashleytown Grounds Field #3
Richardborough Bears,Kellyhaven Vikings,4,3,12,14,2024,Diamond League,Susanburgh Plaza Field #1
Richardborough Bears,Clairefort Hornets,4,4,19,21,2024,Diamond League,Ashleytown Grounds Field #1
Port Michellehaven Mavericks,North Melissa Pirates,4,4,11,13,2024,Diamond League,Ashleytown Grounds Field #2
New Alexandraview Celtics,Bergfurt Hawks,4,4,12,14,2024,Diamond League,Ashleytown Grounds Field #3
East Brittneyfurt Americans,Wilkinsbury Commandos,4,4,15,17,2024,Diamond League,Susanburgh Plaza Field #1
Jenniferport Commandos,North Jamesside Rappers,4,5,10,12,2024,Diamond League,Ashleytown Grounds Field #1
West Ronald Jacks,Kellyhaven Vikings,4,5,17,19,2024,Diamond League,Ashleytown Grounds Field #2
New Gina Pirates,Hatfieldfurt Bears,4,5,14,16,2024,Diamond League,Ashleytown Grounds Field #3
Richardborough Bears,West Markstad Sox,4,5,20,22,2024,Diamond League,Susanburgh Plaza Field #1
Brianburgh Pirates,Richardborough Bears,4,6,18,20,2024,Diamond League,Ashleytown Grounds Field #1
Port Michellehaven Mavericks,West Markstad Sox,4,6,15,17,2024,Diamond League,Ashleytown Grounds Field #2
Wilkinsbury Commandos,Hatfieldfurt Bears,4,6,12,14,2024,Diamond League,Ashleytown Grounds Field #3
Jamesburgh Sox,Hatfieldfurt Bears,4,6,18,20,2024,Diamond League,Susanburgh Plaza Field #1
Port Michellehaven Mavericks,Port Loganberg Warriors,4,7,9,11,2024,Diamond League,Ashleytown Grounds Field #1
Jenniferport Commandos,Bergfurt Hawks,4,7,19,21,2024,Diamond League,Ashleytown Grounds Field #2
Port Michellehaven Mavericks,Wilkinsbury Commandos,4,7,18,20,2024,Diamond League,Ashleytown Grounds Field #3
Richardborough Bears,Jamesburgh Sox,4,7,13,15,2024,Diamond League,Susanburgh Plaza Field #1
Wilkinsbury Commandos,Kellyhaven Vikings,5,1,12,14,2024,Diamond League,Ashleytown Grounds Field #1
Carlsonview Grizzlies,Hatfieldfurt Bears,5,1,13,15,2024,Diamond League,Ashleytown Grounds Field #2
Port Michellehaven Mavericks,Brianburgh Pirates,5,1,20,22,2024,Diamond League,Ashleytown Grounds Field #3
Port Loganberg Warriors,North Melissa Pirates,5,1,10,12,2024,Diamond League,Susanburgh Plaza Field #1
East Brittneyfurt Americans,Clairefort Hornets,5,2,11,13,2024,Diamond League,Ashleytown Grounds Field #1
Port Michellehaven Mavericks,Clairefort Hornets,5,2,14,16,2024,Diamond League,Ashleytown Grounds Field #2
West Markstad Sox,Kellyhaven Vikings,5,2,20,22,2024,Diamond League,Ashleytown Grounds Field #3
Port Michellehaven Mavericks,West Martinton Dolphins,5,2,19,21,2024,Diamond League,Susanburgh Plaza Field #1
Weaverview Jacks,Wilkinsbury Commandos,5,3,20,22,2024,Diamond League,Ashleytown Grounds Field #1
North Nicholas Warriors,East Brittneyfurt Americans,5,3,11,13,2024,Diamond League,Ashleytown Grounds Field #2
West Markstad Sox,North Jamesside Rappers,5,3,11,13,2024,Diamond League,Ashleytown Grounds Field #3
Port Michellehaven Mavericks,Taylorstad Wildcats,5,3,11,13,2024,Diamond League,Susanburgh Plaza Field #1
Port Michellehaven Mavericks,Carlsonview Grizzlies,5,4,20,22,2024,Diamond League,Ashleytown Grounds Field #1
West Martinton Dolphins,Hatfieldfurt Bears,5,4,9,11,2024,Diamond League,Ashleytown Grounds Field #2
Brianburgh Pirates,Carlsonview Grizzlies,5,4,9,11,2024,Diamond League,Ashleytown Grounds Field #3
North Melissa Pirates,Kellyhaven Vikings,5,4,10,12,2024,Diamond League,Susanburgh Plaza Field #1
West Ronald Jacks,Wilkinsbury Commandos,5,5,9,11,2024,Diamond League,Ashleytown Grounds Field #1
Jamesburgh Sox,North Nicholas Warriors,5,5,13,15,2024,Diamond League,Ashleytown Grounds Field #2
New Gina Pirates,Port Loganberg Warriors,5,5,11,13,2024,Diamond League,Ashleytown Grounds Field #3
Kellyhaven Vikings,Clairefort Hornets,5,5,13,15,2024,Diamond League,Susanburgh Plaza Field #1
Richardborough Bears,New Alexandraview Celtics,5,6,13,15,2024,Diamond League,Ashleytown Grounds Field #1
Richardborough Bears,West Martinton Dolphins,5,6,15,17,2024,Diamond League,Ashleytown Grounds Field #2
Taylorstad Wildcats,North Nicholas Warriors,5,6,17,19,2024,Diamond League,Ashleytown Grounds Field #3
Villaton Rappers,Jamesburgh Sox,5,6,20,22,2024,Diamond League,Susanburgh Plaza Field #1
New Alexandraview Celtics,West Martinton Dolphins,5,7,12,14,2024,Diamond League,Ashleytown Grounds Field #1
Jenniferport Commandos,Wilkinsbury Commandos,5,7,20,22,2024,Diamond League,Ashleytown Grounds Field #2
Jenniferport Commandos,Jamesburgh Sox,5,7,12,14,2024,Diamond League,Ashleytown Grounds Field #3
North Nicholas Warriors,West Martinton Dolphins,5,7,14,16,2024,Diamond League,Susanburgh Plaza Field #1
West Ronald Jacks,East Brittneyfurt Americans,6,1,9,11,2024,Diamond League,Ashleytown Grounds Field #1
Port Michellehaven Mavericks,East Brittneyfurt Americans,6,1,14,16,2024,Diamond League,Ashleytown Grounds Field #2
Villaton Rappers,Kellyhaven Vikings,6,1,18,20,2024,Diamond League,Ashleytown Grounds Field #3
North Nicholas Warriors,North Jamesside Rappers,6,1,18,20,2024,Diamond League,Susanburgh Plaza Field #1
West Ronald Jacks,North Melissa Pirates,6,2,20,22,2024,Diamond League,Ashleytown Grounds Field #1
Port Michellehaven Mavericks,Jamesburgh Sox,6,2,18,20,2024,Diamond League,Ashleytown Grounds Field #2
Jenniferport Commandos,Port Loganberg Warriors,6,2,9,11,2024,Diamond League,Ashleytown Grounds Field #3
West Markstad Sox,Wilkinsbury Commandos,6,2,18,20,2024,Diamond League,Susanburgh Plaza Field #1
Taylorstad Wildcats,West Markstad Sox,6,3,19,21,2024,Diamond League,Ashleytown Grounds Field #1
Jamesburgh Sox,Wilkinsbury Commandos,6,3,12,14,2024,Diamond League,Ashleytown Grounds Field #2
Wilkinsbury Commandos,West Martinton Dolphins,6,3,20,22,2024,Diamond League,Ashleytown Grounds Field #3
North Melissa Pirates,West Martinton Dolphins,6,3,15,17,2024,Diamond League,Susanburgh Plaza Field #1
Taylorstad Wildcats,Villaton Rappers,6,4,12,14,2024,Diamond League,Ashleytown Grounds Field #1
Carlsonview Grizzlies,Port Loganberg Warriors,6,4,17,19,2024,Diamond League,Ashleytown Grounds Field #2
Brianburgh Pirates,Kellyhaven Vikings,6,4,9,11,2024,Diamond League,Ashleytown Grounds Field #3
Hatfieldfurt Bears,Clairefort Hornets,6,4,15,17,2024,Diamond League,Susanburgh Plaza Field #1
Brianburgh Pirates,West Martinton Dolphins,6,5,13,15,2024,Diamond League,Ashleytown Grounds Field #1
New Gina Pirates,East Brittneyfurt Americans,6,5,18,20,2024,Diamond League,Ashleytown Grounds Field #2
North Melissa Pirates,Hatfieldfurt Bears,6,5,13,15,2024,Diamond League,Ashleytown Grounds Field #3
Bergfurt Hawks,Clairefort Hornets,6,5,11,13,2024,Diamond League,Susanburgh Plaza Field #1
Taylorstad Wildcats,Port Loganberg Warriors,6,6,13,15,2024,Diamond League,Ashleytown Grounds Field #1
Jamesburgh Sox,Port Loganberg Warriors,6,6,15,17,2024,Diamond League,Ashleytown Grounds Field #2
Carlsonview Grizzlies,Villaton Rappers,6,6,15,17,2024,Diamond League,Ashleytown Grounds Field #3
Bergfurt Hawks,North Jamesside Rappers,6,6,18,20,2024,Diamond League,Susanburgh Plaza Field #1
Weaverview Jacks,Kellyhaven Vikings,6,7,17,19,2024,Diamond League,Ashleytown Grounds Field #1
Taylorstad Wildcats,Clairefort Hornets,6,7,18,20,2024,Diamond League,Ashleytown Grounds Field #2
Richardborough Bears,Wilkinsbury Commandos,6,7,9,11,2024,Diamond League,Ashleytown Grounds Field #3
New Alexandraview Celtics,Kellyhaven Vikings,6,7,20,22,2024,Diamond League,Susanburgh Plaza Field #1
West Ronald Jacks,Villaton Rappers,7,1,20,22,2024,Diamond League,Ashleytown Grounds Field #1
Brianburgh Pirates,West Ronald Jacks,7,1,10,12,2024,Diamond League,Ashleytown Grounds Field #2
New Gina Pirates,New Alexandraview Celtics,7,1,11,13,2024,Diamond League,Ashleytown Grounds Field #3
New Alexandraview Celtics,West Markstad Sox,7,1,14,16,2024,Diamond League,Susanburgh Plaza Field #1
Villaton Rappers,East Brittneyfurt Americans,7,2,17,19,2024,Diamond League,Ashleytown Grounds Field #1
New Alexandraview Celtics,Clairefort Hornets,7,2,17,19,2024,Diamond League,Ashleytown Grounds Field #2
Port Loganberg Warriors,North Jamesside Rappers,7,2,17,19,2024,Diamond League,Ashleytown Grounds Field #3
Wilkinsbury Commandos,Bergfurt Hawks,7,2,18,20,2024,Diamond League,Susanburgh Plaza Field #1
North Nicholas Warriors,Weaverview Jacks,7,3,15,17,2024,Diamond League,Ashleytown Grounds Field #1
Taylorstad Wildcats,West Ronald Jacks,7,3,17,19,2024,Diamond League,Ashleytown Grounds Field #2
New Alexandraview Celtics,North Nicholas Warriors,7,3,12,14,2024,Diamond League,Ashleytown Grounds Field #3
West Ronald Jacks,Bergfurt Hawks,7,3,9,11,2024,Diamond League,Susanburgh Plaza Field #1
Port Michellehaven Mavericks,New Gina Pirates,7,4,11,13,2024,Diamond League,Ashleytown Grounds Field #1
Jenniferport Commandos,Carlsonview Grizzlies,7,4,17,19,2024,Diamond League,Ashleytown Grounds Field #2
Richardborough Bears,North Melissa Pirates,7,4,20,22,2024,Diamond League,Ashleytown Grounds Field #3
Port Loganberg Warriors,Kellyhaven Vikings,7,4,9,11,2024,Diamond League,Susanburgh Plaza Field #1
North Melissa Pirates,East Brittneyfurt Americans,7,5,18,20,2024,Diamond League,Ashleytown Grounds Field #1
Weaverview Jacks,West Martinton Dolphins,7,5,18,20,2024,Diamond League,Ashleytown Grounds Field #2
Richardborough Bears,New Gina Pirates,7,5,12,14,2024,Diamond League,Ashleytown Grounds Field #3
Jamesburgh Sox,Clairefort Hornets,7,5,19,21,2024,Diamond League,Susanburgh Plaza Field #1
Jenniferport Commandos,Kellyhaven Vikings,7,6,13,15,2024,Diamond League,Ashleytown Grounds Field #1
Villaton Rappers,North Melissa Pirates,7,6,14,16,2024,Diamond League,Ashleytown Grounds Field #2
North Nicholas Warriors,Hatfieldfurt Bears,7,6,14,16,2024,Diamond League,Ashleytown Grounds Field #3
Jamesburgh Sox,East Brittneyfurt Americans,7,6,13,15,2024,Diamond League,Susanburgh Plaza Field #1
Clairefort Hornets,North Jamesside Rappers,7,7,15,17,2024,Diamond League,Ashleytown Grounds Field #1
West Markstad Sox,North Melissa Pirates,7,7,12,14,2024,Diamond League,Ashleytown Grounds Field #2
Jamesburgh Sox,North Melissa Pirates,7,7,18,20,2024,Diamond League,Ashleytown Grounds Field #3
New Alexandraview Celtics,East Brittneyfurt Americans,7,7,18,20,2024,Diamond League,Susanburgh Plaza Field #1
Villaton Rappers,Weaverview Jacks,8,1,16,18,2024,Diamond League,Ashleytown Grounds Field #1
Carlsonview Grizzlies,North Jamesside Rappers,8,1,19,21,2024,Diamond League,Ashleytown Grounds Field #2
Jenniferport Commandos,West Ronald Jacks,8,1,13,15,2024,Diamond League,Ashleytown Grounds Field #3
Carlsonview Grizzlies,West Markstad Sox,8,1,17,19,2024,Diamond League,Susanburgh Plaza Field #1
East Brittneyfurt Americans,North Jamesside Rappers,8,2,10,12,2024,Diamond League,Ashleytown Grounds Field #1
Bergfurt Hawks,Hatfieldfurt Bears,8,2,18,20,2024,Diamond League,Ashleytown Grounds Field #2
Taylorstad Wildcats,Hatfieldfurt Bears,8,2,11,13,2024,Diamond League,Ashleytown Grounds Field #3
West Ronald Jacks,Richardborough Bears,8,2,9,11,2024,Diamond League,Susanburgh Plaza Field #1
Carlsonview Grizzlies,Clairefort Hornets,8,3,15,17,2024,Diamond League,Ashleytown Grounds Field #1
Weaverview Jacks,North Jamesside Rappers,8,3,12,14,2024,Diamond League,Ashleytown Grounds Field #2
Jenniferport Commandos,North Melissa Pirates,8,3,17,19,2024,Diamond League,Ashleytown Grounds Field #3
North Nicholas Warriors,West Markstad Sox,8,3,17,19,2024,Diamond League,Susanburgh Plaza Field #1
West Ronald Jacks,Clairefort Hornets,8,4,9,11,2024,Diamond League,Ashleytown Grounds Field #1
West Ronald Jacks,North Jamesside Rappers,8,4,16,18,2024,Diamond League,Ashleytown Grounds Field #2
Kellyhaven Vikings,Hatfieldfurt Bears,8,4,9,11,2024,Diamond League,Ashleytown Grounds Field #3
Villaton Rappers,Port Loganberg Warriors,8,4,12,14,2024,Diamond League,Susanburgh Plaza Field #1
Brianburgh Pirates,New Alexandraview Celtics,8,5,12,14,2024,Diamond League,Ashleytown Grounds Field #1
Brianburgh Pirates,Jamesburgh Sox,8,5,18,20,2024,Diamond League,Ashleytown Grounds Field #2
East Brittneyfurt Americans,Kellyhaven Vikings,8,5,10,12,2024,Diamond League,Ashleytown Grounds Field #3
Weaverview Jacks,North Melissa Pirates,8,5,15,17,2024,Diamond League,Susanburgh Plaza Field #1
Taylorstad Wildcats,East Brittneyfurt Americans,8,6,11,13,2024,Diamond League,Ashleytown Grounds Field #1
West Markstad Sox,Bergfurt Hawks,8,6,9,11,2024,Diamond League,Ashleytown Grounds Field #2
Kellyhaven Vikings,North Jamesside Rappers,8,6,15,17,2024,Diamond League,Ashleytown Grounds Field #3
Carlsonview Grizzlies,Kellyhaven Vikings,8,6,15,17,2024,Diamond League,Susanburgh Plaza Field #1
Richardborough Bears,Port Loganberg Warriors,8,7,11,13,2024,Diamond League,Ashleytown Grounds Field #1
Port Michellehaven Mavericks,New Alexandraview Celtics,8,7,11,13,2024,Diamond League,Ashleytown Grounds Field #2
Jenniferport Commandos,Taylorstad Wildcats,8,7,15,17,2024,Diamond League,Ashleytown Grounds Field #3
Weaverview Jacks,Clairefort Hornets,8,7,17,19,2024,Diamond League,Susanburgh Plaza Field #1
Port Michellehaven Mavericks,Hatfieldfurt Bears,9,1,18,20,2024,Diamond League,Ashleytown Grounds Field #1
Taylorstad Wildcats,Carlsonview Grizzlies,9,1,14,16,2024,Diamond League,Ashleytown Grounds Field #2
Port Loganberg Warriors,East Brittneyfurt Americans,9,1,16,18,2024,Diamond League,Ashleytown Grounds Field #3
West Ronald Jacks,Weaverview Jacks,9,1,9,11,2024,Diamond League,Susanburgh Plaza Field #1
Richardborough Bears,Hatfieldfurt Bears,9,2,14,16,2024,Diamond League,Ashleytown Grounds Field #1
Taylorstad Wildcats,Wilkinsbury Commandos,9,2,10,12,2024,Diamond League,Ashleytown Grounds Field #2
West Ronald Jacks,Port Loganberg Warriors,9,2,14,16,2024,Diamond League,Ashleytown Grounds Field #3
Carlsonview Grizzlies,Weaverview Jacks,9,2,9,11,2024,Diamond League,Susanburgh Plaza Field #1
Jenniferport Commandos,West Martinton Dolphins,9,3,10,12,2024,Diamond League,Ashleytown Grounds Field #1
Weaverview Jacks,Hatfieldfurt Bears,9,3,9,11,2024,Diamond League,Ashleytown Grounds Field #2
Taylorstad Wildcats,North Melissa Pirates,9,3,16,18,2024,Diamond League,Ashleytown Grounds Field #3
Weaverview Jacks,East Brittneyfurt Americans,9,3,11,13,2024,Diamond League,Susanburgh Plaza Field #1
Port Michellehaven Mavericks,North Jamesside Rappers,9,4,15,17,2024,Diamond League,Ashleytown Grounds Field #1
Taylorstad Wildcats,Weaverview Jacks,9,4,20,22,2024,Diamond League,Ashleytown Grounds Field #2
Villaton Rappers,Hatfieldfurt Bears,9,4,16,18,2024,Diamond League,Ashleytown Grounds Field #3
New Alexandraview Celtics,Wilkinsbury Commandos,9,4,11,13,2024,Diamond League,Susanburgh Plaza Field #1
North Melissa Pirates,Bergfurt Hawks,9,5,17,19,2024,Diamond League,Ashleytown Grounds Field #1
North Nicholas Warriors,Bergfurt Hawks,9,5,9,11,2024,Diamond League,Ashleytown Grounds Field #2
East Brittneyfurt Americans,Bergfurt Hawks,9,5,12,14,2024,Diamond League,Ashleytown Grounds Field #3
Taylorstad Wildcats,Jamesburgh Sox,9,5,19,21,2024,Diamond League,Susanburgh Plaza Field #1
Jamesburgh Sox,Bergfurt Hawks,9,6,20,22,2024,Diamond League,Ashleytown Grounds Field #1
Jamesburgh Sox,North Jamesside Rappers,9,6,17,19,2024,Diamond League,Ashleytown Grounds Field #2
Port Loganberg Warriors,North Nicholas Warriors,9,6,18,20,2024,Diamond League,Ashleytown Grounds Field #3
Jamesburgh Sox,West Martinton Dolphins,9,6,15,17,2024,Diamond League,Susanburgh Plaza Field #1
Port Michellehaven Mavericks,West Ronald Jacks,9,7,9,11,2024,Diamond League,Ashleytown Grounds Field #1
Brianburgh Pirates,New Gina Pirates,9,7,10,12,2024,Diamond League,Ashleytown Grounds Field #2
Jenniferport Commandos,New Alexandraview Celtics,9,7,11,13,2024,Diamond League,Ashleytown Grounds Field #3
Port Michellehaven Mavericks,Villaton Rappers,9,7,9,11,2024,Diamond League,Susanburgh Plaza Field #1
Brianburgh Pirates,Clairefort Hornets,10,1,11,13,2024,Diamond League,Ashleytown Grounds Field #1
Jamesburgh Sox,West Markstad Sox,10,1,11,13,2024,Diamond League,Ashleytown Grounds Field #2
Richardborough Bears,Bergfurt Hawks,10,1,20,22,2024,Diamond League,Ashleytown Grounds Field #3
Taylorstad Wildcats,Kellyhaven Vikings,10,1,13,15,2024,Diamond League,Susanburgh Plaza Field #1
Brianburgh Pirates,Bergfurt Hawks,10,2,9,11,2024,Diamond League,Ashleytown Grounds Field #1
East Brittneyfurt Americans,Hatfieldfurt Bears,10,2,20,22,2024,Diamond League,Ashleytown Grounds Field #2
Carlsonview Grizzlies,North Melissa Pirates,10,2,12,14,2024,Diamond League,Ashleytown Grounds Field #3
Jenniferport Commandos,East Brittneyfurt Americans,10,2,11,13,2024,Diamond League,Susanburgh Plaza Field #1
West Markstad Sox,West Martinton Dolphins,10,3,19,21,2024,Diamond League,Ashleytown Grounds Field #1
Carlsonview Grizzlies,North Nicholas Warriors,10,3,9,11,2024,Diamond League,Ashleytown Grounds Field #2
Port Michellehaven Mavericks,Bergfurt Hawks,10,3,20,22,2024,Diamond League,Ashleytown Grounds Field #3
New Gina Pirates,Wilkinsbury Commandos,10,3,14,16,2024,Diamond League,Susanburgh Plaza Field #1
Brianburgh Pirates,North Melissa Pirates,10,4,10,12,2024,Diamond League,Ashleytown Grounds Field #1
Taylorstad Wildcats,North Jamesside Rappers,10,4,9,11,2024,Diamond League,Ashleytown Grounds Field #2
Richardborough Bears,North Nicholas Warriors,10,4,17,19,2024,Diamond League,Ashleytown Grounds Field #3
Kellyhaven Vikings,Bergfurt Hawks,10,4,17,19,2024,Diamond League,Susanburgh Plaza Field #1
New Gina Pirates,Bergfurt Hawks,10,5,12,14,2024,Diamond League,Ashleytown Grounds Field #1
New Alexandraview Celtics,North Melissa Pirates,10,5,11,13,2024,Diamond League,Ashleytown Grounds Field #2
West Martinton Dolphins,North Jamesside Rappers,10,5,19,21,2024,Diamond League,Ashleytown Grounds Field #3
Brianburgh Pirates,East Brittneyfurt Americans,10,5,20,22,2024,Diamond League,Susanburgh Plaza Field #1
Richardborough Bears,East Brittneyfurt Americans,10,6,14,16,2024,Diamond League,Ashleytown Grounds Field #1
Carlsonview Grizzlies,New Alexandraview Celtics,10,6,13,15,2024,Diamond League,Ashleytown Grounds Field #2
New Alexandraview Celtics,Jamesburgh Sox,10,6,15,17,2024,Diamond League,Ashleytown Grounds Field #3
West Martinton Dolphins,Clairefort Hornets,10,6,16,18,2024,Diamond League,Susanburgh Plaza Field #1
