{"team1Name":"Cindyfurt Hawks","team2Name":"Debraton Bulls","week":1,"day":1,"start":13,"end":15,"season":2024,"league":"Platinum League","location":"Ashleytown Grounds Field #1"}
{"team1Name":"Ericbury Wildcats","team2Name":"New Cindy Bucaneers","week":1,"day":1,"start":9,"end":11,"season":2024,"league":"Platinum League","location":"Ashleytown Grounds Field #2"}
{"team1Name":"Potterberg Mavericks","team2Name":"Ericbury Wildcats","week":1,"day":1,"start":18,"end":20,"season":2024,"league":"Platinum League","location":"Ashleytown Grounds Field #3"}
{"team1Name":"New Rachel Jacks","team2Name":"New Paulfort Chargers","week":1,"day":1,"start":19,"end":21,"season":2024,"league":"Platinum League","location":"Susanburgh Plaza Field #1"}
{"team1Name":"Cindyfurt Hawks","team2Name":"Joshuabury Pirates","week":1,"day":2,"start":9,"end":11,"season":2024,"league":"Platinum League","location":"Ashleytown Grounds Field #1"}
{"team1Name":"Potterberg Mavericks","team2Name":"New Rachel Jacks","week":1,"day":2,"start":14,"end":16,"season":2024,"league":"Platinum League","location":"Ashleytown Grounds Field #2"}
{"team1Name":"Cindyfurt Hawks","team2Name":"Ericbury Wildcats","week":1,"day":2,"start":9,"end":11,"season":2024,"league":"Platinum League","location":"Ashleytown Grounds Field #3"}
{"team1Name":"Joshuabury Pirates","team2Name":"New Cindy Bucaneers","week":1,"day":2,"start":17,"end":19,"season":2024,"league":"Platinum League","location":"Susanburgh Plaza Field #1"}
{"team1Name":"Jenniferborough Mavericks","team2Name":"Joshuabury Pirates","week":1,"day":3,"start":13,"end":15,"season":2024,"league":"Platinum League","location":"Ashleytown Grounds Field #1"}
{"team1Name":"Coxfurt Pirates","team2Name":"New Paulfort Chargers","week":1,"day":3,"start":10,"end":12,"season":2024,"league":"Platinum League","location":"Ashleytown Grounds Field #2"}
{"team1Name":"New Paulfort Chargers","team2Name":"New Cindy Bucaneers","week":1,"day":3,"start":20,"end":22,"season":2024,"league":"Platinum League","location":"Ashleytown Grounds Field #3"}
{"team1Name":"Jenniferborough Mavericks","team2Name":"New Deborahmouth Dolphins","week":1,"day":3,"start":18,"end":20,"season":2024,"league":"Platinum League","location":"Susanburgh Plaza Field #1"}
{"team1Name":"Potterberg Mavericks","team2Name":"New Deborahmouth Dolphins","week":1,"day":4,"start":11,"end":13,"season":2024,"league":"Platinum League","location":"Ashleytown Grounds Field #1"}
{"team1Name":"Potterberg Mavericks","team2Name":"Anitaberg Bobcats","week":1,"day":4,"start":20,"end":22,"season":2024,"league":"Platinum League","location":"Ashleytown Grounds Field #2"}
{"team1Name":"Anitaberg Bobcats","team2Name":"Joshuabury Pirates","week":1,"day":4,"start":11,"end":13,"season":2024,"league":"Platinum League","location":"Ashleytown Grounds Field #3"}
{"team1Name":"Ericbury Wildcats","team2Name":"Coxfurt Pirates","week":1,"day":4,"start":10,"end":12,"season":2024,"league":"Platinum League","location":"Susanburgh Plaza Field #1"}
{"team1Name":"Anitaberg Bobcats","team2Name":"Ericbury Wildcats","week":1,"day":5,"start":16,"end":18,"season":2024,"league":"Platinum League","location":"Ashleytown Grounds Field #1"}
{"team1Name":"Coxfurt Pirates","team2Name":"New Deborahmouth Dolphins","week":1,"day":5,"start":20,"end":22,"season":2024,"league":"Platinum League","location":"Ashleytown Grounds Field #2"}
{"team1Name":"Anitaberg Bobcats","team2Name":"Coxfurt Pirates","week":1,"day":5,"start":11,"end":13,"season":2024,"league":"Platinum League","location":"Ashleytown Grounds Field #3"}
{"team1Name":"Debraton Bulls","team2Name":"Joshuabury Pirates","week":1,"day":5,"start":14,"end":16,"season":2024,"league":"Platinum League","location":"Susanburgh Plaza Field #1"}
{"team1Name":"Potterberg Mavericks","team2Name":"Joshuabury Pirates","week":1,"day":6,"start":18,"end":20,"season":2024,"league":"Platinum League","location":"Ashleytown Grounds Field #1"}
{"team1Name":"Joshuabury Pirates","team2Name":"New Deborahmouth Dolphins","week":1,"day":6,"start":19,"end":21,"season":2024,"league":"Platinum League","location":"Ashleytown Grounds Field #2"}
{"team1Name":"Ericbury Wildcats","team2Name":"Joshuabury Pirates","week":1,"day":6,"start":16,"end":18,"season":2024,"league":"Platinum League","location":"Ashleytown Grounds Field #3"}
{"team1Name":"New Rachel Jacks","team2Name":"Coxfurt Pirates","week":1,"day":6,"start":11,"end":13,"season":2024,"league":"Platinum League","location":"Susanburgh Plaza Field #1"}
{"team1Name":"Cindyfurt Hawks","team2Name":"Potterberg Mavericks","week":1,"day":7,"start":11,"end":13,"season":2024,"league":"Platinum League","location":"Ashleytown Grounds Field #1"}
{"team1Name":"Debraton Bulls","team2Name":"New Paulfort Chargers","week":1,"day":7,"start":11,"end":13,"season":2024,"league":"Platinum League","location":"Ashleytown Grounds Field #2"}
{"team1Name":"Cindyfurt Hawks","team2Name":"Anitaberg Bobcats","week":1,"day":7,"start":12,"end":14,"season":2024,"league":"Platinum League","location":"Ashleytown Grounds Field #3"}
{"team1Name":"Jenniferborough Mavericks","team2Name":"New Cindy Bucaneers","week":1,"day":7,"start":10,"end":12,"season":2024,"league":"Platinum League","location":"Susanburgh Plaza Field #1"}
{"team1Name":"Anitaberg Bobcats","team2Name":"New Paulfort Chargers","week":2,"day":1,"start":9,"end":11,"season":2024,"league":"Platinum League","location":"Ashleytown Grounds Field #1"}
{"team1Name":"Debraton Bulls","team2Name":"Anitaberg Bobcats","week":2,"day":1,"start":16,"end":18,"season":2024,"league":"Platinum League","location":"Ashleytown Grounds Field #2"}
{"team1Name":"Jenniferborough Mavericks","team2Name":"Ericbury Wildcats","week":2,"day":1,"start":9,"end":11,"season":2024,"league":"Platinum League","location":"Ashleytown Grounds Field #3"}
{"team1Name":"Potterberg Mavericks","team2Name":"Jenniferborough Mavericks","week":2,"day":1,"start":20,"end":22,"season":2024,"league":"Platinum League","location":"Susanburgh Plaza Field #1"}
{"team1Name":"Anitaberg Bobcats","team2Name":"New Cindy Bucaneers","week":2,"day":2,"start":12,"end":14,"season":2024,"league":"Platinum League","location":"Ashleytown Grounds Field #1"}
{"team1Name":"Anitaberg Bobcats","team2Name":"Jenniferborough Mavericks","week":2,"day":2,"start":16,"end":18,"season":2024,"league":"Platinum League","location":"Ashleytown Grounds Field #2"}
{"team1Name":"Joshuabury Pirates","team2Name":"New Paulfort Chargers","week":2,"day":2,"start":12,"end":14,"season":2024,"league":"Platinum League","location":"Ashleytown Grounds Field #3"}
{"team1Name":"Cindyfurt Hawks","team2Name":"Jenniferborough Mavericks","week":2,"day":2,"start":20,"end":22,"season":2024,"league":"Platinum League","location":"Susanburgh Plaza Field #1"}
{"team1Name":"Coxfurt Pirates","team2Name":"New Cindy Bucaneers","week":2,"day":3,"start":14,"end":16,"season":2024,"league":"Platinum League","location":"Ashleytown Grounds Field #1"}
{"team1Name":"Debraton Bulls","team2Name":"New Deborahmouth Dolphins","week":2,"day":3,"start":19,"end":21,"season":2024,"league":"Platinum League","location":"Ashleytown Grounds Field #2"}
{"team1Name":"Jenniferborough Mavericks","team2Name":"New Paulfort Chargers","week":2,"day":3,"start":14,"end":16,"season":2024,"league":"Platinum League","location":"Ashleytown Grounds Field #3"}
{"team1Name":"Potterberg Mavericks","team2Name":"New Cindy Bucaneers","week":2,"day":3,"start":20,"end":22,"season":2024,"league":"Platinum League","location":"Susanburgh Plaza Field #1"}
{"team1Name":"Cindyfurt Hawks","team2Name":"New Deborahmouth Dolphins","week":2,"day":4,"start":9,"end":11,"season":2024,"league":"Platinum League","location":"Ashleytown Grounds Field #1"}
{"team1Name":"Ericbury Wildcats","team2Name":"New Paulfort Chargers","week":2,"day":4,"start":9,"end":11,"season":2024,"league":"Platinum League","location":"Ashleytown Grounds Field #2"}
{"team1Name":"Potterberg Mavericks","team2Name":"New Paulfort Chargers","week":2,"day":4,"start":20,"end":22,"season":2024,"league":"Platinum League","location":"Ashleytown Grounds Field #3"}
{"team1Name":"New Cindy Bucaneers","team2Name":"New Deborahmouth Dolphins","week":2,"day":4,"start":20,"end":22,"season":2024,"league":"Platinum League","location":"Susanburgh Plaza Field #1"}
{"team1Name":"Debraton Bulls","team2Name":"Ericbury Wildcats","week":2,"day":5,"start":18,"end":20,"season":2024,"league":"Platinum League","location":"Ashleytown Grounds Field #1"}
{"team1Name":"Potterberg Mavericks","team2Name":"Coxfurt Pirates","week":2,"day":5,"start":13,"end":15,"season":2024,"league":"Platinum League","location":"Ashleytown Grounds Field #2"}
{"team1Name":"Cindyfurt Hawks","team2Name":"New Paulfort Chargers","week":2,"day":5,"start":15,"end":17,"season":2024,"league":"Platinum League","location":"Ashleytown Grounds Field #3"}
{"team1Name":"Debraton Bulls","team2Name":"Coxfurt Pirates","week":2,"day":5,"start":13,"end":15,"season":2024,"league":"Platinum League","location":"Susanburgh Plaza Field #1"}
{"team1Name":"Joshuabury Pirates","team2Name":"Coxfurt Pirates","week":2,"day":6,"start":10,"end":12,"season":2024,"league":"Platinum League","location":"Ashleytown Grounds Field #1"}
{"team1Name":"New Paulfort Chargers","team2Name":"New Deborahmouth Dolphins","week":2,"day":6,"start":20,"end":22,"season":2024,"league":"Platinum League","location":"Ashleytown Grounds Field #2"}
{"team1Name":"Anitaberg Bobcats","team2Name":"New Deborahmouth Dolphins","week":2,"day":6,"start":17,"end":19,"season":2024,"league":"Platinum League","location":"Ashleytown Grounds Field #3"}
{"team1Name":"Debraton Bulls","team2Name":"New Rachel Jacks","week":2,"day":6,"start":14,"end":16,"season":2024,"league":"Platinum League","location":"Susanburgh Plaza Field #1"}
{"team1Name":"Debraton Bulls","team2Name":"New Cindy Bucaneers","week":2,"day":7,"start":20,"end":22,"season":2024,"league":"Platinum League","location":"Ashleytown Grounds Field #1"}
{"team1Name":"Cindyfurt Hawks","team2Name":"New Rachel Jacks","week":2,"day":7,"start":11,"end":13,"season":2024,"league":"Platinum League","location":"Ashleytown Grounds Field #2"}
{"team1Name":"Ericbury Wildcats","team2Name":"New Deborahmouth Dolphins","week":2,"day":7,"start":12,"end":14,"season":2024,"league":"Platinum League","location":"Ashleytown Grounds Field #3"}
{"team1Name":"Jenniferborough Mavericks","team2Name":"New Rachel Jacks","week":2,"day":7,"start":17,"end":19,"season":2024,"league":"Platinum League","location":"Susanburgh Plaza Field #1"}
{"team1Name":"New Rachel Jacks","team2Name":"New Cindy Bucaneers","week":3,"day":1,"start":10,"end":12,"season":2024,"league":"Platinum League","location":"Ashleytown Grounds Field #1"}
{"team1Name":"Ericbury Wildcats","team2Name":"New Rachel Jacks","week":3,"day":1,"start":9,"end":11,"season":2024,"league":"Platinum League","location":"Ashleytown Grounds Field #2"}
{"team1Name":"Cindyfurt Hawks","team2Name":"Coxfurt Pirates","week":3,"day":1,"start":11,"end":13,"season":2024,"league":"Platinum League","location":"Ashleytown Grounds Field #3"}
{"team1Name":"Anitaberg Bobcats","team2Name":"New Rachel Jacks","week":3,"day":1,"start":18,"end":20,"season":2024,"league":"Platinum League","location":"Susanburgh Plaza Field #1"}
{"team1Name":"Debraton Bulls","team2Name":"Jenniferborough Mavericks","week":3,"day":2,"start":18,"end":20,"season":2024,"league":"Platinum League","location":"Ashleytown Grounds Field #1"}
{"team1Name":"New Rachel Jacks","team2Name":"New Deborahmouth Dolphins","week":3,"day":2,"start":13,"end":15,"season":2024,"league":"Platinum League","location":"Ashleytown Grounds Field #2"}
{"team1Name":"Potterberg Mavericks","team2Name":"Debraton Bulls","week":3,"day":2,"start":20,"end":22,"season":2024,"league":"Platinum League","location":"Ashleytown Grounds Field #3"}
{"team1Name":"Jenniferborough Mavericks","team2Name":"Coxfurt Pirates","week":3,"day":2,"start":13,"end":15,"season":2024,"league":"Platinum League","location":"Susanburgh Plaza Field #1"}
{"team1Name":"Cindyfurt Hawks","team2Name":"New Cindy Bucaneers","week":3,"day":3,"start":13,"end":15,"season":2024,"league":"Platinum League","location":"Ashleytown Grounds Field #1"}
{"team1Name":"Joshuabury Pirates","team2Name":"New Rachel Jacks","week":3,"day":3,"start":13,"end":15,"season":2024,"league":"Platinum League","location":"Ashleytown Grounds Field #2"}
{"team1Name":"Lake Terrence Dolphins","team2Name":"Woodland Hawks","week":1,"day":1,"start":11,"end":13,"season":2024,"league":"Obsidian League","location":"Ashleytown Grounds Field #1"}
{"team1Name":"Port Jamesburgh Warriors","team2Name":"North Martinstad Robbers","week":1,"day":1,"start":10,"end":12,"season":2024,"league":"Obsidian League","location":"Ashleytown Grounds Field #2"}
{"team1Name":"New Christopherburgh Hawks","team2Name":"North Rebeccachester Bobcats","week":1,"day":1,"start":20,"end":22,"season":2024,"league":"Obsidian League","location":"Ashleytown Grounds Field #3"}
{"team1Name":"Lake Terrence Dolphins","team2Name":"North Martinstad Robbers","week":1,"day":1,"start":11,"end":13,"season":2024,"league":"Obsidian League","location":"Susanburgh Plaza Field #1"}
{"team1Name":"Gardnerstad Sabres","team2Name":"Lake Terrence Dolphins","week":1,"day":2,"start":10,"end":12,"season":2024,"league":"Obsidian League","location":"Ashleytown Grounds Field #1"}
{"team1Name":"Woodland Hawks","team2Name":"Maloneport Rappers","week":1,"day":2,"start":11,"end":13,"season":2024,"league":"Obsidian League","location":"Ashleytown Grounds Field #2"}
{"team1Name":"South Michelle Warriors","team2Name":"Calebmouth Dolphins","week":1,"day":2,"start":17,"end":19,"season":2024,"league":"Obsidian League","location":"Ashleytown Grounds Field #3"}
{"team1Name":"Bennettport Sabres","team2Name":"Sarahside Celtics","week":1,"day":2,"start":13,"end":15,"season":2024,"league":"Obsidian League","location":"Susanburgh Plaza Field #1"}
{"team1Name":"Port Jamesburgh Warriors","team2Name":"Sarahside Celtics","week":1,"day":3,"start":19,"end":21,"season":2024,"league":"Obsidian League","location":"Ashleytown Grounds Field #1"}
{"team1Name":"Gardnerstad Sabres","team2Name":"Sarahside Celtics","week":1,"day":3,"start":15,"end":17,"season":2024,"league":"Obsidian League","location":"Ashleytown Grounds Field #2"}
{"team1Name":"South Michelle Warriors","team2Name":"New Christopherburgh Hawks","week":1,"day":3,"start":18,"end":20,"season":2024,"league":"Obsidian League","location":"Ashleytown Grounds Field #3"}
{"team1Name":"Port Jamesburgh Warriors","team2Name":"Calebmouth Dolphins","week":1,"day":3,"start":14,"end":16,"season":2024,"league":"Obsidian League","location":"Susanburgh Plaza Field #1"}
{"team1Name":"South Michelle Warriors","team2Name":"East Kristina Westerners","week":1,"day":4,"start":17,"end":19,"season":2024,"league":"Obsidian League","location":"Ashleytown Grounds Field #1"}
{"team1Name":"Lake Terrence Dolphins","team2Name":"East Kristina Westerners","week":1,"day":4,"start":13,"end":15,"season":2024,"league":"Obsidian League","location":"Ashleytown Grounds Field #2"}
{"team1Name":"Calebmouth Dolphins","team2Name":"East Kristina Westerners","week":1,"day":4,"start":16,"end":18,"season":2024,"league":"Obsidian League","location":"Ashleytown Grounds Field #3"}
{"team1Name":"Port Cameronmouth Sox","team2Name":"East Kristina Westerners","week":1,"day":4,"start":15,"end":17,"season":2024,"league":"Obsidian League","location":"Susanburgh Plaza Field #1"}
{"team1Name":"Fisherborough Robbers","team2Name":"Bennettport Sabres","week":1,"day":5,"start":13,"end":15,"season":2024,"league":"Obsidian League","location":"Ashleytown Grounds Field #1"}
{"team1Name":"Gardnerstad Sabres","team2Name":"Bennettport Sabres","week":1,"day":5,"start":14,"end":16,"season":2024,"league":"Obsidian League","location":"Ashleytown Grounds Field #2"}
{"team1Name":"Calebmouth Dolphins","team2Name":"Port Cameronmouth Sox","week":1,"day":5,"start":18,"end":20,"season":2024,"league":"Obsidian League","location":"Ashleytown Grounds Field #3"}
{"team1Name":"South Michelle Warriors","team2Name":"Sarahside Celtics","week":1,"day":5,"start":20,"end":22,"season":2024,"league":"Obsidian League","location":"Susanburgh Plaza Field #1"}
{"team1Name":"Port Jamesburgh Warriors","team2Name":"South Michelle Warriors","week":1,"day":6,"start":18,"end":20,"season":2024,"league":"Obsidian League","location":"Ashleytown Grounds Field #1"}
{"team1Name":"Calebmouth Dolphins","team2Name":"Bennettport Sabres","week":1,"day":6,"start":10,"end":12,"season":2024,"league":"Obsidian League","location":"Ashleytown Grounds Field #2"}
{"team1Name":"South Mason Bucaneers","team2Name":"Sarahside Celtics","week":1,"day":6,"start":12,"end":14,"season":2024,"league":"Obsidian League","location":"Ashleytown Grounds Field #3"}
{"team1Name":"New Christopherburgh Hawks","team2Name":"Fisherborough Robbers","week":1,"day":6,"start":14,"end":16,"season":2024,"league":"Obsidian League","location":"Susanburgh Plaza Field #1"}
{"team1Name":"Maloneport Rappers","team2Name":"North Martinstad Robbers","week":1,"day":7,"start":11,"end":13,"season":2024,"league":"Obsidian League","location":"Ashleytown Grounds Field #1"}
{"team1Name":"Calebmouth Dolphins","team2Name":"New Christopherburgh Hawks","week":1,"day":7,"start":12,"end":14,"season":2024,"league":"Obsidian League","location":"Ashleytown Grounds Field #2"}
{"team1Name":"Woodland Hawks","team2Name":"North Martinstad Robbers","week":1,"day":7,"start":17,"end":19,"season":2024,"league":"Obsidian League","location":"Ashleytown Grounds Field #3"}
{"team1Name":"South Mason Bucaneers","team2Name":"North Martinstad Robbers","week":1,"day":7,"start":13,"end":15,"season":2024,"league":"Obsidian League","location":"Susanburgh Plaza Field #1"}
{"team1Name":"Maloneport Rappers","team2Name":"Fisherborough Robbers","week":2,"day":1,"start":9,"end":11,"season":2024,"league":"Obsidian League","location":"Ashleytown Grounds Field #1"}
{"team1Name":"Port Cameronmouth Sox","team2Name":"Maloneport Rappers","week":2,"day":1,"start":12,"end":14,"season":2024,"league":"Obsidian League","location":"Ashleytown Grounds Field #2"}
{"team1Name":"South Michelle Warriors","team2Name":"Woodland Hawks","week":2,"day":1,"start":18,"end":20,"season":2024,"league":"Obsidian League","location":"Ashleytown Grounds Field #3"}
{"team1Name":"North Rebeccachester Bobcats","team2Name":"Sarahside Celtics","week":2,"day":1,"start":15,"end":17,"season":2024,"league":"Obsidian League","location":"Susanburgh Plaza Field #1"}
{"team1Name":"Port Jamesburgh Warriors","team2Name":"Port Cameronmouth Sox","week":2,"day":2,"start":19,"end":21,"season":2024,"league":"Obsidian League","location":"Ashleytown Grounds Field #1"}
{"team1Name":"South Michelle Warriors","team2Name":"Maloneport Rappers","week":2,"day":2,"start":13,"end":15,"season":2024,"league":"Obsidian League","location":"Ashleytown Grounds Field #2"}
{"team1Name":"South Mason Bucaneers","team2Name":"Fisherborough Robbers","week":2,"day":2,"start":15,"end":17,"season":2024,"league":"Obsidian League","location":"Ashleytown Grounds Field #3"}
{"team1Name":"New Christopherburgh Hawks","team2Name":"South Mason Bucaneers","week":2,"day":2,"start":20,"end":22,"season":2024,"league":"Obsidian League","location":"Susanburgh Plaza Field #1"}
{"team1Name":"South Michelle Warriors","team2Name":"North Rebeccachester Bobcats","week":2,"day":3,"start":13,"end":15,"season":2024,"league":"Obsidian League","location":"Ashleytown Grounds Field #1"}
{"team1Name":"Fisherborough Robbers","team2Name":"North Martinstad Robbers","week":2,"day":3,"start":19,"end":21,"season":2024,"league":"Obsidian League","location":"Ashleytown Grounds Field #2"}
{"team1Name":"South Michelle Warriors","team2Name":"Fisherborough Robbers","week":2,"day":3,"start":20,"end":22,"season":2024,"league":"Obsidian League","location":"Ashleytown Grounds Field #3"}
{"team1Name":"New Christopherburgh Hawks","team2Name":"Lake Terrence Dolphins","week":2,"day":3,"start":20,"end":22,"season":2024,"league":"Obsidian League","location":"Susanburgh Plaza Field #1"}
{"team1Name":"Woodland Hawks","team2Name":"North Rebeccachester Bobcats","week":2,"day":4,"start":9,"end":11,"season":2024,"league":"Obsidian League","location":"Ashleytown Grounds Field #1"}
{"team1Name":"Gardnerstad Sabres","team2Name":"Woodland Hawks","week":2,"day":4,"start":18,"end":20,"season":2024,"league":"Obsidian League","location":"Ashleytown Grounds Field #2"}
{"team1Name":"North Rebeccachester Bobcats","team2Name":"Fisherborough Robbers","week":2,"day":4,"start":11,"end":13,"season":2024,"league":"Obsidian League","location":"Ashleytown Grounds Field #3"}
{"team1Name":"East Kristina Westerners","team2Name":"North Martinstad Robbers","week":2,"day":4,"start":15,"end":17,"season":2024,"league":"Obsidian League","location":"Susanburgh Plaza Field #1"}
{"team1Name":"East Kristina Westerners","team2Name":"Fisherborough Robbers","week":2,"day":5,"start":17,"end":19,"season":2024,"league":"Obsidian League","location":"Ashleytown Grounds Field #1"}
{"team1Name":"South Michelle Warriors","team2Name":"South Mason Bucaneers","week":2,"day":5,"start":19,"end":21,"season":2024,"league":"Obsidian League","location":"Ashleytown Grounds Field #2"}
{"team1Name":"Port Jamesburgh Warriors","team2Name":"Woodland Hawks","week":2,"day":5,"start":17,"end":19,"season":2024,"league":"Obsidian League","location":"Ashleytown Grounds Field #3"}
{"team1Name":"Gardnerstad Sabres","team2Name":"Fisherborough Robbers","week":2,"day":5,"start":13,"end":15,"season":2024,"league":"Obsidian League","location":"Susanburgh Plaza Field #1"}
{"team1Name":"South Mason Bucaneers","team2Name":"Bennettport Sabres","week":2,"day":6,"start":9,"end":11,"season":2024,"league":"Obsidian League","location":"Ashleytown Grounds Field #1"}
{"team1Name":"New Christopherburgh Hawks","team2Name":"Maloneport Rappers","week":2,"day":6,"start":19,"end":21,"season":2024,"league":"Obsidian League","location":"Ashleytown Grounds Field #2"}
{"team1Name":"Gardnerstad Sabres","team2Name":"Port Jamesburgh Warriors","week":2,"day":6,"start":20,"end":22,"season":2024,"league":"Obsidian League","location":"Ashleytown Grounds Field #3"}
{"team1Name":"Gardnerstad Sabres","team2Name":"East Kristina Westerners","week":2,"day":6,"start":14,"end":16,"season":2024,"league":"Obsidian League","location":"Susanburgh Plaza Field #1"}
{"team1Name":"Lake Terrence Dolphins","team2Name":"South Mason Bucaneers","week":2,"day":7,"start":15,"end":17,"season":2024,"league":"Obsidian League","location":"Ashleytown Grounds Field #1"}
{"team1Name":"Port Cameronmouth Sox","team2Name":"North Rebeccachester Bobcats","week":2,"day":7,"start":16,"end":18,"season":2024,"league":"Obsidian League","location":"Ashleytown Grounds Field #2"}
{"team1Name":"Port Jamesburgh Warriors","team2Name":"Bennettport Sabres","week":2,"day":7,"start":18,"end":20,"season":2024,"league":"Obsidian League","location":"Ashleytown Grounds Field #3"}
{"team1Name":"Gardnerstad Sabres","team2Name":"North Martinstad Robbers","week":2,"day":7,"start":11,"end":13,"season":2024,"league":"Obsidian League","location":"Susanburgh Plaza Field #1"}
{"team1Name":"Maloneport Rappers","team2Name":"North Rebeccachester Bobcats","week":3,"day":1,"start":9,"end":11,"season":2024,"league":"Obsidian League","location":"Ashleytown Grounds Field #1"}
{"team1Name":"New Christopherburgh Hawks","team2Name":"East Kristina Westerners","week":3,"day":1,"start":9,"end":11,"season":2024,"league":"Obsidian League","location":"Ashleytown Grounds Field #2"}
{"team1Name":"Port Cameronmouth Sox","team2Name":"Lake Terrence Dolphins","week":3,"day":1,"start":17,"end":19,"season":2024,"league":"Obsidian League","location":"Ashleytown Grounds Field #3"}
{"team1Name":"South Michelle Warriors","team2Name":"North Martinstad Robbers","week":3,"day":1,"start":15,"end":17,"season":2024,"league":"Obsidian League","location":"Susanburgh Plaza Field #1"}
{"team1Name":"New Christopherburgh Hawks","team2Name":"Port Cameronmouth Sox","week":3,"day":2,"start":10,"end":12,"season":2024,"league":"Obsidian League","location":"Ashleytown Grounds Field #1"}
{"team1Name":"Lake Terrence Dolphins","team2Name":"Sarahside Celtics","week":3,"day":2,"start":16,"end":18,"season":2024,"league":"Obsidian League","location":"Ashleytown Grounds Field #2"}
{"team1Name":"Woodland Hawks","team2Name":"Bennettport Sabres","week":3,"day":2,"start":9,"end":11,"season":2024,"league":"Obsidian League","location":"Ashleytown Grounds Field #3"}
{"team1Name":"Gardnerstad Sabres","team2Name":"South Michelle Warriors","week":3,"day":2,"start":20,"end":22,"season":2024,"league":"Obsidian League","location":"Susanburgh Plaza Field #1"}
{"team1Name":"Lake Terrence Dolphins","team2Name":"North Rebeccachester Bobcats","week":3,"day":3,"start":10,"end":12,"season":2024,"league":"Obsidian League","location":"Ashleytown Grounds Field #1"}
{"team1Name":"Port Jamesburgh Warriors","team2Name":"Maloneport Rappers","week":3,"day":3,"start":20,"end":22,"season":2024,"league":"Obsidian League","location":"Ashleytown Grounds Field #2"}
{"team1Name":"Calebmouth Dolphins","team2Name":"Woodland Hawks","week":3,"day":3,"start":10,"end":12,"season":2024,"league":"Obsidian League","location":"Ashleytown Grounds Field #3"}
{"team1Name":"Calebmouth Dolphins","team2Name":"Maloneport Rappers","week":3,"day":3,"start":14,"end":16,"season":2024,"league":"Obsidian League","location":"Susanburgh Plaza Field #1"}
{"team1Name":"Lake Terrence Dolphins","team2Name":"Bennettport Sabres","week":3,"day":4,"start":20,"end":22,"season":2024,"league":"Obsidian League","location":"Ashleytown Grounds Field #1"}
{"team1Name":"North Martinstad Robbers","team2Name":"Sarahside Celtics","week":3,"day":4,"start":19,"end":21,"season":2024,"league":"Obsidian League","location":"Ashleytown Grounds Field #2"}
{"team1Name":"Maloneport Rappers","team2Name":"East Kristina Westerners","week":3,"day":4,"start":15,"end":17,"season":2024,"league":"Obsidian League","location":"Ashleytown Grounds Field #3"}
{"team1Name":"Port Cameronmouth Sox","team2Name":"South Mason Bucaneers","week":3,"day":4,"start":11,"end":13,"season":2024,"league":"Obsidian League","location":"Susanburgh Plaza Field #1"}
{"team1Name":"Calebmouth Dolphins","team2Name":"North Martinstad Robbers","week":3,"day":5,"start":16,"end":18,"season":2024,"league":"Obsidian League","location":"Ashleytown Grounds Field #1"}
{"team1Name":"Port Cameronmouth Sox","team2Name":"Woodland Hawks","week":3,"day":5,"start":15,"end":17,"season":2024,"league":"Obsidian League","location":"Ashleytown Grounds Field #2"}
{"team1Name":"Port Cameronmouth Sox","team2Name":"Bennettport Sabres","week":3,"day":5,"start":20,"end":22,"season":2024,"league":"Obsidian League","location":"Ashleytown Grounds Field #3"}
{"team1Name":"South Michelle Warriors","team2Name":"Bennettport Sabres","week":3,"day":5,"start":14,"end":16,"season":2024,"league":"Obsidian League","location":"Susanburgh Plaza Field #1"}
{"team1Name":"Port Cameronmouth Sox","team2Name":"Sarahside Celtics","week":3,"day":6,"start":16,"end":18,"season":2024,"league":"Obsidian League","location":"Ashleytown Grounds Field #1"}
{"team1Name":"North Rebeccachester Bobcats","team2Name":"East Kristina Westerners","week":3,"day":6,"start":11,"end":13,"season":2024,"league":"Obsidian League","location":"Ashleytown Grounds Field #2"}
{"team1Name":"Port Jamesburgh Warriors","team2Name":"Fisherborough Robbers","week":3,"day":6,"start":12,"end":14,"season":2024,"league":"Obsidian League","location":"Ashleytown Grounds Field #3"}
{"team1Name":"Gardnerstad Sabres","team2Name":"Port Cameronmouth Sox","week":3,"day":6,"start":14,"end":16,"season":2024,"league":"Obsidian League","location":"Susanburgh Plaza Field #1"}
{"team1Name":"East Kristina Westerners","team2Name":"Sarahside Celtics","week":3,"day":7,"start":10,"end":12,"season":2024,"league":"Obsidian League","location":"Ashleytown Grounds Field #1"}
{"team1Name":"Gardnerstad Sabres","team2Name":"Calebmouth Dolphins","week":3,"day":7,"start":11,"end":13,"season":2024,"league":"Obsidian League","location":"Ashleytown Grounds Field #2"}
{"team1Name":"Lake Terrence Dolphins","team2Name":"Maloneport Rappers","week":3,"day":7,"start":9,"end":11,"season":2024,"league":"Obsidian League","location":"Ashleytown Grounds Field #3"}
{"team1Name":"Woodland Hawks","team2Name":"Fisherborough Robbers","week":3,"day":7,"start":20,"end":22,"season":2024,"league":"Obsidian League","location":"Susanburgh Plaza Field #1"}
{"team1Name":"North Rebeccachester Bobcats","team2Name":"Bennettport Sabres","week":4,"day":1,"start":20,"end":22,"season":2024,"league":"Obsidian League","location":"Ashleytown Grounds Field #1"}
{"team1Name":"North Rebeccachester Bobcats","team2Name":"North Martinstad Robbers","week":4,"day":1,"start":12,"end":14,"season":2024,"league":"Obsidian League","location":"Ashleytown Grounds Field #2"}
{"team1Name":"New Christopherburgh Hawks","team2Name":"Woodland Hawks","week":4,"day":1,"start":13,"end":15,"season":2024,"league":"Obsidian League","location":"Ashleytown Grounds Field #3"}
{"team1Name":"Gardnerstad Sabres","team2Name":"South Mason Bucaneers","week":4,"day":1,"start":9,"end":11,"season":2024,"league":"Obsidian League","location":"Susanburgh Plaza Field #1"}
{"team1Name":"South Mason Bucaneers","team2Name":"Maloneport Rappers","week":4,"day":2,"start":16,"end":18,"season":2024,"league":"Obsidian League","location":"Ashleytown Grounds Field #1"}
{"team1Name":"Woodland Hawks","team2Name":"South Mason Bucaneers","week":4,"day":2,"start":15,"end":17,"season":2024,"league":"Obsidian League","location":"Ashleytown Grounds Field #2"}
{"team1Name":"Calebmouth Dolphins","team2Name":"South Mason Bucaneers","week":4,"day":2,"start":17,"end":19,"season":2024,"league":"Obsidian League","location":"Ashleytown Grounds Field #3"}
{"team1Name":"Fisherborough Robbers","team2Name":"Sarahside Celtics","week":4,"day":2,"start":15,"end":17,"season":2024,"league":"Obsidian League","location":"Susanburgh Plaza Field #1"}
{"team1Name":"New Christopherburgh Hawks","team2Name":"Bennettport Sabres","week":4,"day":3,"start":20,"end":22,"season":2024,"league":"Obsidian League","location":"Ashleytown Grounds Field #1"}
{"team1Name":"Woodland Hawks","team2Name":"East Kristina Westerners","week":4,"day":3,"start":15,"end":17,"season":2024,"league":"Obsidian League","location":"Ashleytown Grounds Field #2"}
{"team1Name":"Port Jamesburgh Warriors","team2Name":"Lake Terrence Dolphins","week":4,"day":3,"start":16,"end":18,"season":2024,"league":"Obsidian League","location":"Ashleytown Grounds Field #3"}
{"team1Name":"Calebmouth Dolphins","team2Name":"Lake Terrence Dolphins","week":4,"day":3,"start":15,"end":17,"season":2024,"league":"Obsidian League","location":"Susanburgh Plaza Field #1"}
{"team1Name":"Port Cameronmouth Sox","team2Name":"North Martinstad Robbers","week":4,"day":4,"start":18,"end":20,"season":2024,"league":"Obsidian League","location":"Ashleytown Grounds Field #1"}
{"team1Name":"Woodland Hawks","team2Name":"Sarahside Celtics","week":4,"day":4,"start":20,"end":22,"season":2024,"league":"Obsidian League","location":"Ashleytown Grounds Field #2"}
{"team1Name":"Port Cameronmouth Sox","team2Name":"Fisherborough Robbers","week":4,"day":4,"start":17,"end":19,"season":2024,"league":"Obsidian League","location":"Ashleytown Grounds Field #3"}
{"team1Name":"Lake Terrence Dolphins","team2Name":"Fisherborough Robbers","week":4,"day":4,"start":14,"end":16,"season":2024,"league":"Obsidian League","location":"Susanburgh Plaza Field #1"}
{"team1Name":"Calebmouth Dolphins","team2Name":"Sarahside Celtics","week":4,"day":5,"start":20,"end":22,"season":2024,"league":"Obsidian League","location":"Ashleytown Grounds Field #1"}
{"team1Name":"Gardnerstad Sabres","team2Name":"Maloneport Rappers","week":4,"day":5,"start":17,"end":19,"season":2024,"league":"Obsidian League","location":"Ashleytown Grounds Field #2"}
{"team1Name":"Gardnerstad Sabres","team2Name":"New Christopherburgh Hawks","week":4,"day":5,"start":15,"end":17,"season":2024,"league":"Obsidian League","location":"Ashleytown Grounds Field #3"}
{"team1Name":"Maloneport Rappers","team2Name":"Sarahside Celtics","week":4,"day":5,"start":14,"end":16,"season":2024,"league":"Obsidian League","location":"Susanburgh Plaza Field #1"}
{"team1Name":"Gardnerstad Sabres","team2Name":"North Rebeccachester Bobcats","week":4,"day":6,"start":17,"end":19,"season":2024,"league":"Obsidian League","location":"Ashleytown Grounds Field #1"}
{"team1Name":"North Martinstad Robbers","team2Name":"Bennettport Sabres","week":4,"day":6,"start":15,"end":17,"season":2024,"league":"Obsidian League","location":"Ashleytown Grounds Field #2"}
{"team1Name":"South Mason Bucaneers","team2Name":"North Rebeccachester Bobcats","week":4,"day":6,"start":9,"end":11,"season":2024,"league":"Obsidian League","location":"Ashleytown Grounds Field #3"}
{"team1Name":"New Christopherburgh Hawks","team2Name":"Sarahside Celtics","week":4,"day":6,"start":18,"end":20,"season":2024,"league":"Obsidian League","location":"Susanburgh Plaza Field #1"}
{"team1Name":"Maloneport Rappers","team2Name":"Bennettport Sabres","week":4,"day":7,"start":20,"end":22,"season":2024,"league":"Obsidian League","location":"Ashleytown Grounds Field #1"}
{"team1Name":"South Michelle Warriors","team2Name":"Lake Terrence Dolphins","week":4,"day":7,"start":12,"end":14,"season":2024,"league":"Obsidian League","location":"Ashleytown Grounds Field #2"}
{"team1Name":"Port Jamesburgh Warriors","team2Name":"North Rebeccachester Bobcats","week":4,"day":7,"start":9,"end":11,"season":2024,"league":"Obsidian League","location":"Ashleytown Grounds Field #3"}
{"team1Name":"New Christopherburgh Hawks","team2Name":"North Martinstad Robbers","week":4,"day":7,"start":18,"end":20,"season":2024,"league":"Obsidian League","location":"Susanburgh Plaza Field #1"}
{"team1Name":"Port Jamesburgh Warriors","team2Name":"South Mason Bucaneers","week":5,"day":1,"start":18,"end":20,"season":2024,"league":"Obsidian League","location":"Ashleytown Grounds Field #1"}
{"team1Name":"Calebmouth Dolphins","team2Name":"North Rebeccachester Bobcats","week":5,"day":1,"start":19,"end":21,"season":2024,"league":"Obsidian League","location":"Ashleytown Grounds Field #2"}
{"team1Name":"Port Jamesburgh Warriors","team2Name":"New Christopherburgh Hawks","week":5,"day":1,"start":15,"end":17,"season":2024,"league":"Obsidian League","location":"Ashleytown Grounds Field #3"}
{"team1Name":"South Mason Bucaneers","team2Name":"East Kristina Westerners","week":5,"day":1,"start":10,"end":12,"season":2024,"league":"Obsidian League","location":"Susanburgh Plaza Field #1"}
{"team1Name":"Port Jamesburgh Warriors","team2Name":"East Kristina Westerners","week":5,"day":2,"start":13,"end":15,"season":2024,"league":"Obsidian League","location":"Ashleytown Grounds Field #1"}
{"team1Name":"Calebmouth Dolphins","team2Name":"Fisherborough Robbers","week":5,"day":2,"start":17,"end":19,"season":2024,"league":"Obsidian League","location":"Ashleytown Grounds Field #2"}
{"team1Name":"East Kristina Westerners","team2Name":"Bennettport Sabres","week":5,"day":2,"start":19,"end":21,"season":2024,"league":"Obsidian League","location":"Ashleytown Grounds Field #3"}
{"team1Name":"South Michelle Warriors","team2Name":"Port Cameronmouth Sox","week":5,"day":2,"start":11,"end":13,"season":2024,"league":"Obsidian League","location":"Susanburgh Plaza Field #1"}
{"team1Name":"New Gina Pirates","team2Name":"Carlsonview Grizzlies","week":1,"day":1,"start":20,"end":22,"season":2024,"league":"Diamond League","location":"Ashleytown Grounds Field #1"}
{"team1Name":"New Gina Pirates","team2Name":"Clairefort Hornets","week":1,"day":1,"start":10,"end":12,"season":2024,"league":"Diamond League","location":"Ashleytown Grounds Field #2"}
{"team1Name":"New Alexandraview Celtics","team2Name":"Weaverview Jacks","week":1,"day":1,"start":13,"end":15,"season":2024,"league":"Diamond League","location":"Ashleytown Grounds Field #3"}
{"team1Name":"Brianburgh Pirates","team2Name":"North Jamesside Rappers","week":1,"day":1,"start":16,"end":18,"season":2024,"league":"Diamond League","location":"Susanburgh Plaza Field #1"}
{"team1Name":"New Gina Pirates","team2Name":"West Markstad Sox","week":1,"day":2,"start":16,"end":18,"season":2024,"league":"Diamond League","location":"Ashleytown Grounds Field #1"}
{"team1Name":"Port Loganberg Warriors","team2Name":"Bergfurt Hawks","week":1,"day":2,"start":9,"end":11,"season":2024,"league":"Diamond League","location":"Ashleytown Grounds Field #2"}
{"team1Name":"Port Loganberg Warriors","team2Name":"West Martinton Dolphins","week":1,"day":2,"start":9,"end":11,"season":2024,"league":"Diamond League","location":"Ashleytown Grounds Field #3"}
{"team1Name":"West Markstad Sox","team2Name":"East Brittneyfurt Americans","week":1,"day":2,"start":15,"end":17,"season":2024,"league":"Diamond League","location":"Susanburgh Plaza Field #1"}
{"team1Name":"Taylorstad Wildcats","team2Name":"New Gina Pirates","week":1,"day":3,"start":15,"end":17,"season":2024,"league":"Diamond League","location":"Ashleytown Grounds Field #1"}
{"team1Name":"Villaton Rappers","team2Name":"Clairefort Hornets","week":1,"day":3,"start":13,"end":15,"season":2024,"league":"Diamond League","location":"Ashleytown Grounds Field #2"}
{"team1Name":"Taylorstad Wildcats","team2Name":"Bergfurt Hawks","week":1,"day":3,"start":18,"end":20,"season":2024,"league":"Diamond League","location":"Ashleytown Grounds Field #3"}
{"team1Name":"Villaton Rappers","team2Name":"North Nicholas Warriors","week":1,"day":3,"start":11,"end":13,"season":2024,"league":"Diamond League","location":"Susanburgh Plaza Field #1"}
{"team1Name":"Carlsonview Grizzlies","team2Name":"Wilkinsbury Commandos","week":1,"day":4,"start":18,"end":20,"season":2024,"league":"Diamond League","location":"Ashleytown Grounds Field #1"}
{"team1Name":"West Ronald Jacks","team2Name":"Carlsonview Grizzlies","week":1,"day":4,"start":15,"end":17,"season":2024,"league":"Diamond League","location":"Ashleytown Grounds Field #2"}
{"team1Name":"New Alexandraview Celtics","team2Name":"Port Loganberg Warriors","week":1,"day":4,"start":18,"end":20,"season":2024,"league":"Diamond League","location":"Ashleytown Grounds Field #3"}
{"team1Name":"Villaton Rappers","team2Name":"Bergfurt Hawks","week":1,"day":4,"start":15,"end":17,"season":2024,"league":"Diamond League","location":"Susanburgh Plaza Field #1"}
{"team1Name":"West Markstad Sox","team2Name":"Hatfieldfurt Bears","week":1,"day":5,"start":10,"end":12,"season":2024,"league":"Diamond League","location":"Ashleytown Grounds Field #1"}
{"team1Name":"Jenniferport Commandos","team2Name":"Richardborough Bears","week":1,"day":5,"start":10,"end":12,"season":2024,"league":"Diamond League","location":"Ashleytown Grounds Field #2"}
{"team1Name":"Brianburgh Pirates","team2Name":"Weaverview Jacks","week":1,"day":5,"start":10,"end":12,"season":2024,"league":"Diamond League","location":"Ashleytown Grounds Field #3"}
{"team1Name":"Bergfurt Hawks","team2Name":"West Martinton Dolphins","week":1,"day":5,"start":17,"end":19,"season":2024,"league":"Diamond League","location":"Susanburgh Plaza Field #1"}
{"team1Name":"North Melissa Pirates","team2Name":"Clairefort Hornets","week":1,"day":6,"start":20,"end":22,"season":2024,"league":"Diamond League","location":"Ashleytown Grounds Field #1"}
{"team1Name":"Port Loganberg Warriors","team2Name":"Wilkinsbury Commandos","week":1,"day":6,"start":15,"end":17,"season":2024,"league":"Diamond League","location":"Ashleytown Grounds Field #2"}
{"team1Name":"Brianburgh Pirates","team2Name":"North Nicholas Warriors","week":1,"day":6,"start":13,"end":15,"season":2024,"league":"Diamond League","location":"Ashleytown Grounds Field #3"}
{"team1Name":"Brianburgh Pirates","team2Name":"Hatfieldfurt Bears","week":1,"day":6,"start":18,"end":20,"season":2024,"league":"Diamond League","location":"Susanburgh Plaza Field #1"}
{"team1Name":"Port Loganberg Warriors","team2Name":"Weaverview Jacks","week":1,"day":7,"start":9,"end":11,"season":2024,"league":"Diamond League","location":"Ashleytown Grounds Field #1"}
{"team1Name":"New Gina Pirates","team2Name":"Weaverview Jacks","week":1,"day":7,"start":10,"end":12,"season":2024,"league":"Diamond League","location":"Ashleytown Grounds Field #2"}
{"team1Name":"Port Loganberg Warriors","team2Name":"West Markstad Sox","week":1,"day":7,"start":19,"end":21,"season":2024,"league":"Diamond League","location":"Ashleytown Grounds Field #3"}
{"team1Name":"Carlsonview Grizzlies","team2Name":"Bergfurt Hawks","week":1,"day":7,"start":13,"end":15,"season":2024,"league":"Diamond League","location":"Susanburgh Plaza Field #1"}
{"team1Name":"Port Michellehaven Mavericks","team2Name":"Kellyhaven Vikings","week":2,"day":1,"start":15,"end":17,"season":2024,"league":"Diamond League","location":"Ashleytown Grounds Field #1"}
{"team1Name":"Richardborough Bears","team2Name":"Villaton Rappers","week":2,"day":1,"start":19,"end":21,"season":2024,"league":"Diamond League","location":"Ashleytown Grounds Field #2"}
{"team1Name":"New Gina Pirates","team2Name":"North Melissa Pirates","week":2,"day":1,"start":12,"end":14,"season":2024,"league":"Diamond League","location":"Ashleytown Grounds Field #3"}
{"team1Name":"Villaton Rappers","team2Name":"West Martinton Dolphins","week":2,"day":1,"start":12,"end":14,"season":2024,"league":"Diamond League","location":"Susanburgh Plaza Field #1"}
{"team1Name":"North Nicholas Warriors","team2Name":"Clairefort Hornets","week":2,"day":2,"start":18,"end":20,"season":2024,"league":"Diamond League","location":"Ashleytown Grounds Field #1"}
{"team1Name":"West Ronald Jacks","team2Name":"North Nicholas Warriors","week":2,"day":2,"start":18,"end":20,"season":2024,"league":"Diamond League","location":"Ashleytown Grounds Field #2"}
{"team1Name":"Brianburgh Pirates","team2Name":"Jenniferport Commandos","week":2,"day":2,"start":10,"end":12,"season":2024,"league":"Diamond League","location":"Ashleytown Grounds Field #3"}
{"team1Name":"Carlsonview Grizzlies","team2Name":"West Martinton Dolphins","week":2,"day":2,"start":16,"end":18,"season":2024,"league":"Diamond League","location":"Susanburgh Plaza Field #1"}
{"team1Name":"Richardborough Bears","team2Name":"North Jamesside Rappers","week":2,"day":3,"start":17,"end":19,"season":2024,"league":"Diamond League","location":"Ashleytown Grounds Field #1"}
{"team1Name":"Port Michellehaven Mavericks","team2Name":"North Nicholas Warriors","week":2,"day":3,"start":14,"end":16,"season":2024,"league":"Diamond League","location":"Ashleytown Grounds Field #2"}
{"team1Name":"Kellyhaven Vikings","team2Name":"West Martinton Dolphins","week":2,"day":3,"start":11,"end":13,"season":2024,"league":"Diamond League","location":"Ashleytown Grounds Field #3"}
{"team1Name":"East Brittneyfurt Americans","team2Name":"West Martinton Dolphins","week":2,"day":3,"start":19,"end":21,"season":2024,"league":"Diamond League","location":"Susanburgh Plaza Field #1"}
{"team1Name":"Taylorstad Wildcats","team2Name":"Richardborough Bears","week":2,"day":4,"start":13,"end":15,"season":2024,"league":"Diamond League","location":"Ashleytown Grounds Field #1"}
{"team1Name":"Port Loganberg Warriors","team2Name":"Clairefort Hornets","week":2,"day":4,"start":15,"end":17,"season":2024,"league":"Diamond League","location":"Ashleytown Grounds Field #2"}
{"team1Name":"Brianburgh Pirates","team2Name":"Port Loganberg Warriors","week":2,"day":4,"start":10,"end":12,"season":2024,"league":"Diamond League","location":"Ashleytown Grounds Field #3"}
{"team1Name":"Jenniferport Commandos","team2Name":"West Markstad Sox","week":2,"day":4,"start":10,"end":12,"season":2024,"league":"Diamond League","location":"Susanburgh Plaza Field #1"}
{"team1Name":"Jenniferport Commandos","team2Name":"Clairefort Hornets","week":2,"day":5,"start":19,"end":21,"season":2024,"league":"Diamond League","location":"Ashleytown Grounds Field #1"}
{"team1Name":"Jenniferport Commandos","team2Name":"North Nicholas Warriors","week":2,"day":5,"start":12,"end":14,"season":2024,"league":"Diamond League","location":"Ashleytown Grounds Field #2"}
{"team1Name":"Brianburgh Pirates","team2Name":"Wilkinsbury Commandos","week":2,"day":5,"start":11,"end":13,"season":2024,"league":"Diamond League","location":"Ashleytown Grounds Field #3"}
{"team1Name":"Taylorstad Wildcats","team2Name":"West Martinton Dolphins","week":2,"day":5,"start":12,"end":14,"season":2024,"league":"Diamond League","location":"Susanburgh Plaza Field #1"}
{"team1Name":"Carlsonview Grizzlies","team2Name":"East Brittneyfurt Americans","week":2,"day":6,"start":13,"end":15,"season":2024,"league":"Diamond League","location":"Ashleytown Grounds Field #1"}
{"team1Name":"Carlsonview Grizzlies","team2Name":"Jamesburgh Sox","week":2,"day":6,"start":18,"end":20,"season":2024,"league":"Diamond League","location":"Ashleytown Grounds Field #2"}
{"team1Name":"New Gina Pirates","team2Name":"North Nicholas Warriors","week":2,"day":6,"start":18,"end":20,"season":2024,"league":"Diamond League","location":"Ashleytown Grounds Field #3"}
{"team1Name":"West Ronald Jacks","team2Name":"New Alexandraview Celtics","week":2,"day":6,"start":10,"end":12,"season":2024,"league":"Diamond League","location":"Susanburgh Plaza Field #1"}
{"team1Name":"Hatfieldfurt Bears","team2Name":"North Jamesside Rappers","week":2,"day":7,"start":15,"end":17,"season":2024,"league":"Diamond League","location":"Ashleytown Grounds Field #1"}
{"team1Name":"Villaton Rappers","team2Name":"North Jamesside Rappers","week":2,"day":7,"start":13,"end":15,"season":2024,"league":"Diamond League","location":"Ashleytown Grounds Field #2"}
{"team1Name":"Wilkinsbury Commandos","team2Name":"Clairefort Hornets","week":2,"day":7,"start":18,"end":20,"season":2024,"league":"Diamond League","location":"Ashleytown Grounds Field #3"}
{"team1Name":"Villaton Rappers","team2Name":"West Markstad Sox","week":2,"day":7,"start":11,"end":13,"season":2024,"league":"Diamond League","location":"Susanburgh Plaza Field #1"}
{"team1Name":"Brianburgh Pirates","team2Name":"Villaton Rappers","week":3,"day":1,"start":15,"end":17,"season":2024,"league":"Diamond League","location":"Ashleytown Grounds Field #1"}
{"team1Name":"New Alexandraview Celtics","team2Name":"Hatfieldfurt Bears","week":3,"day":1,"start":17,"end":19,"season":2024,"league":"Diamond League","location":"Ashleytown Grounds Field #2"}
{"team1Name":"Jamesburgh Sox","team2Name":"Weaverview Jacks","week":3,"day":1,"start":13,"end":15,"season":2024,"league":"Diamond League","location":"Ashleytown Grounds Field #3"}
{"team1Name":"Richardborough Bears","team2Name":"Weaverview Jacks","week":3,"day":1,"start":19,"end":21,"season":2024,"league":"Diamond League","location":"Susanburgh Plaza Field #1"}
{"team1Name":"North Melissa Pirates","team2Name":"North Jamesside Rappers","week":3,"day":2,"start":11,"end":13,"season":2024,"league":"Diamond League","location":"Ashleytown Grounds Field #1"}
{"team1Name":"New Gina Pirates","team2Name":"Kellyhaven Vikings","week":3,"day":2,"start":10,"end":12,"season":2024,"league":"Diamond League","location":"Ashleytown Grounds Field #2"}
{"team1Name":"West Ronald Jacks","team2Name":"West Markstad Sox","week":3,"day":2,"start":10,"end":12,"season":2024,"league":"Diamond League","location":"Ashleytown Grounds Field #3"}
{"team1Name":"Brianburgh Pirates","team2Name":"Taylorstad Wildcats","week":3,"day":2,"start":17,"end":19,"season":2024,"league":"Diamond League","location":"Susanburgh Plaza Field #1"}
{"team1Name":"West Markstad Sox","team2Name":"Weaverview Jacks","week":3,"day":3,"start":14,"end":16,"season":2024,"league":"Diamond League","location":"Ashleytown Grounds Field #1"}
{"team1Name":"North Nicholas Warriors","team2Name":"Wilkinsbury Commandos","week":3,"day":3,"start":13,"end":15,"season":2024,"league":"Diamond League","location":"Ashleytown Grounds Field #2"}
{"team1Name":"Jamesburgh Sox","team2Name":"Kellyhaven Vikings","week":3,"day":3,"start":12,"end":14,"season":2024,"league":"Diamond League","location":"Ashleytown Grounds Field #3"}
{"team1Name":"Port Loganberg Warriors","team2Name":"Hatfieldfurt Bears","week":3,"day":3,"start":20,"end":22,"season":2024,"league":"Diamond League","location":"Susanburgh Plaza Field #1"}
{"team1Name":"Richardborough Bears","team2Name":"Carlsonview Grizzlies","week":3,"day":4,"start":14,"end":16,"season":2024,"league":"Diamond League","location":"Ashleytown Grounds Field #1"}
{"team1Name":"Jenniferport Commandos","team2Name":"Hatfieldfurt Bears","week":3,"day":4,"start":17,"end":19,"season":2024,"league":"Diamond League","location":"Ashleytown Grounds Field #2"}
{"team1Name":"West Ronald Jacks","team2Name":"Hatfieldfurt Bears","week":3,"day":4,"start":15,"end":17,"season":2024,"league":"Diamond League","location":"Ashleytown Grounds Field #3"}
{"team1Name":"West Ronald Jacks","team2Name":"New Gina Pirates","week":3,"day":4,"start":9,"end":11,"season":2024,"league":"Diamond League","location":"Susanburgh Plaza Field #1"}
{"team1Name":"Jenniferport Commandos","team2Name":"Villaton Rappers","week":3,"day":5,"start":18,"end":20,"season":2024,"league":"Diamond League","location":"Ashleytown Grounds Field #1"}
{"team1Name":"Port Michellehaven Mavericks","team2Name":"Jenniferport Commandos","week":3,"day":5,"start":12,"end":14,"season":2024,"league":"Diamond League","location":"Ashleytown Grounds Field #2"}
{"team1Name":"Jenniferport Commandos","team2Name":"Weaverview Jacks","week":3,"day":5,"start":17,"end":19,"season":2024,"league":"Diamond League","location":"Ashleytown Grounds Field #3"}
{"team1Name":"New Gina Pirates","team2Name":"North Jamesside Rappers","week":3,"day":5,"start":19,"end":21,"season":2024,"league":"Diamond League","location":"Susanburgh Plaza Field #1"}
{"team1Name":"Brianburgh Pirates","team2Name":"West Markstad Sox","week":3,"day":6,"start":14,"end":16,"season":2024,"league":"Diamond League","location":"Ashleytown Grounds Field #1"}
{"team1Name":"Port Michellehaven Mavericks","team2Name":"Weaverview Jacks","week":3,"day":6,"start":11,"end":13,"season":2024,"league":"Diamond League","location":"Ashleytown Grounds Field #2"}
{"team1Name":"Port Michellehaven Mavericks","team2Name":"Richardborough Bears","week":3,"day":6,"start":16,"end":18,"season":2024,"league":"Diamond League","location":"Ashleytown Grounds Field #3"}
{"team1Name":"Weaverview Jacks","team2Name":"Bergfurt Hawks","week":3,"day":6,"start":19,"end":21,"season":2024,"league":"Diamond League","location":"Susanburgh Plaza Field #1"}
{"team1Name":"New Alexandraview Celtics","team2Name":"Villaton Rappers","week":3,"day":7,"start":12,"end":14,"season":2024,"league":"Diamond League","location":"Ashleytown Grounds Field #1"}
{"team1Name":"Wilkinsbury Commandos","team2Name":"North Jamesside Rappers","week":3,"day":7,"start":11,"end":13,"season":2024,"league":"Diamond League","location":"Ashleytown Grounds Field #2"}
{"team1Name":"New Gina Pirates","team2Name":"West Martinton Dolphins","week":3,"day":7,"start":17,"end":19,"season":2024,"league":"Diamond League","location":"Ashleytown Grounds Field #3"}
{"team1Name":"West Ronald Jacks","team2Name":"West Martinton Dolphins","week":3,"day":7,"start":17,"end":19,"season":2024,"league":"Diamond League","location":"Susanburgh Plaza Field #1"}
{"team1Name":"Taylorstad Wildcats","team2Name":"New Alexandraview Celtics","week":4,"day":1,"start":13,"end":15,"season":2024,"league":"Diamond League","location":"Ashleytown Grounds Field #1"}
{"team1Name":"Jenniferport Commandos","team2Name":"New Gina Pirates","week":4,"day":1,"start":17,"end":19,"season":2024,"league":"Diamond League","location":"Ashleytown Grounds Field #2"}
{"team1Name":"New Gina Pirates","team2Name":"Jamesburgh Sox","week":4,"day":1,"start":10,"end":12,"season":2024,"league":"Diamond League","location":"Ashleytown Grounds Field #3"}
{"team1Name":"North Nicholas Warriors","team2Name":"Kellyhaven Vikings","week":4,"day":1,"start":13,"end":15,"season":2024,"league":"Diamond League","location":"Susanburgh Plaza Field #1"}
{"team1Name":"North Nicholas Warriors","team2Name":"North Melissa Pirates","week":4,"day":2,"start":17,"end":19,"season":2024,"league":"Diamond League","location":"Ashleytown Grounds Field #1"}
{"team1Name":"New Gina Pirates","team2Name":"Villaton Rappers","week":4,"day":2,"start":11,"end":13,"season":2024,"league":"Diamond League","location":"Ashleytown Grounds Field #2"}
{"team1Name":"Villaton Rappers","team2Name":"Wilkinsbury Commandos","week":4,"day":2,"start":19,"end":21,"season":2024,"league":"Diamond League","location":"Ashleytown Grounds Field #3"}
{"team1Name":"West Ronald Jacks","team2Name":"Jamesburgh Sox","week":4,"day":2,"start":19,"end":21,"season":2024,"league":"Diamond League","location":"Susanburgh Plaza Field #1"}
{"team1Name":"West Markstad Sox","team2Name":"Clairefort Hornets","week":4,"day":3,"start":9,"end":11,"season":2024,"league":"Diamond League","location":"Ashleytown Grounds Field #1"}
{"team1Name":"New Alexandraview Celtics","team2Name":"North Jamesside Rappers","week":4,"day":3,"start":12,"end":14,"season":2024,"league":"Diamond League","location":"Ashleytown Grounds Field #2"}
{"team1Name":"North Melissa Pirates","team2Name":"Wilkinsbury Commandos","week":4,"day":3,"start":11,"end":13,"season":2024,"league":"Diamond League","location":"Ashleytown Grounds Field #3"}
{"team1Name":"Richardborough Bears","team2Name":"Kellyhaven Vikings","week":4,"day":3,"start":12,"end":14,"season":2024,"league":"Diamond League","location":"Susanburgh Plaza Field #1"}
{"team1Name":"Richardborough Bears","team2Name":"Clairefort Hornets","week":4,"day":4,"start":19,"end":21,"season":2024,"league":"Diamond League","location":"Ashleytown Grounds Field #1"}
{"team1Name":"Port Michellehaven Mavericks","team2Name":"North Melissa Pirates","week":4,"day":4,"start":11,"end":13,"season":2024,"league":"Diamond League","location":"Ashleytown Grounds Field #2"}
{"team1Name":"New Alexandraview Celtics","team2Name":"Bergfurt Hawks","week":4,"day":4,"start":12,"end":14,"season":2024,"league":"Diamond League","location":"Ashleytown Grounds Field #3"}
{"team1Name":"East Brittneyfurt Americans","team2Name":"Wilkinsbury Commandos","week":4,"day":4,"start":15,"end":17,"season":2024,"league":"Diamond League","location":"Susanburgh Plaza Field #1"}
{"team1Name":"Jenniferport Commandos","team2Name":"North Jamesside Rappers","week":4,"day":5,"start":10,"end":12,"season":2024,"league":"Diamond League","location":"Ashleytown Grounds Field #1"}
{"team1Name":"West Ronald Jacks","team2Name":"Kellyhaven Vikings","week":4,"day":5,"start":17,"end":19,"season":2024,"league":"Diamond League","location":"Ashleytown Grounds Field #2"}
{"team1Name":"New Gina Pirates","team2Name":"Hatfieldfurt Bears","week":4,"day":5,"start":14,"end":16,"season":2024,"league":"Diamond League","location":"Ashleytown Grounds Field #3"}
{"team1Name":"Richardborough Bears","team2Name":"West Markstad Sox","week":4,"day":5,"start":20,"end":22,"season":2024,"league":"Diamond League","location":"Susanburgh Plaza Field #1"}
{"team1Name":"Brianburgh Pirates","team2Name":"Richardborough Bears","week":4,"day":6,"start":18,"end":20,"season":2024,"league":"Diamond League","location":"Ashleytown Grounds Field #1"}
{"team1Name":"Port Michellehaven Mavericks","team2Name":"West Markstad Sox","week":4,"day":6,"start":15,"end":17,"season":2024,"league":"Diamond League","location":"Ashleytown Grounds Field #2"}
{"team1Name":"Wilkinsbury Commandos","team2Name":"Hatfieldfurt Bears","week":4,"day":6,"start":12,"end":14,"season":2024,"league":"Diamond League","location":"Ashleytown Grounds Field #3"}
{"team1Name":"Jamesburgh Sox","team2Name":"Hatfieldfurt Bears","week":4,"day":6,"start":18,"end":20,"season":2024,"league":"Diamond League","location":"Susanburgh Plaza Field #1"}
{"team1Name":"Port Michellehaven Mavericks","team2Name":"Port Loganberg Warriors","week":4,"day":7,"start":9,"end":11,"season":2024,"league":"Diamond League","location":"Ashleytown Grounds Field #1"}
{"team1Name":"Jenniferport Commandos","team2Name":"Bergfurt Hawks","week":4,"day":7,"start":19,"end":21,"season":2024,"league":"Diamond League","location":"Ashleytown Grounds Field #2"}
{"team1Name":"Port Michellehaven Mavericks","team2Name":"Wilkinsbury Commandos","week":4,"day":7,"start":18,"end":20,"season":2024,"league":"Diamond League","location":"Ashleytown Grounds Field #3"}
{"team1Name":"Richardborough Bears","team2Name":"Jamesburgh Sox","week":4,"day":7,"start":13,"end":15,"season":2024,"league":"Diamond League","location":"Susanburgh Plaza Field #1"}
{"team1Name":"Wilkinsbury Commandos","team2Name":"Kellyhaven Vikings","week":5,"day":1,"start":12,"end":14,"season":2024,"league":"Diamond League","location":"Ashleytown Grounds Field #1"}
{"team1Name":"Carlsonview Grizzlies","team2Name":"Hatfieldfurt Bears","week":5,"day":1,"start":13,"end":15,"season":2024,"league":"Diamond League","location":"Ashleytown Grounds Field #2"}
{"team1Name":"Port Michellehaven Mavericks","team2Name":"Brianburgh Pirates","week":5,"day":1,"start":20,"end":22,"season":2024,"league":"Diamond League","location":"Ashleytown Grounds Field #3"}
{"team1Name":"Port Loganberg Warriors","team2Name":"North Melissa Pirates","week":5,"day":1,"start":10,"end":12,"season":2024,"league":"Diamond League","location":"Susanburgh Plaza Field #1"}
{"team1Name":"East Brittneyfurt Americans","team2Name":"Clairefort Hornets","week":5,"day":2,"start":11,"end":13,"season":2024,"league":"Diamond League","location":"Ashleytown Grounds Field #1"}
{"team1Name":"Port Michellehaven Mavericks","team2Name":"Clairefort Hornets","week":5,"day":2,"start":14,"end":16,"season":2024,"league":"Diamond League","location":"Ashleytown Grounds Field #2"}
{"team1Name":"West Markstad Sox","team2Name":"Kellyhaven Vikings","week":5,"day":2,"start":20,"end":22,"season":2024,"league":"Diamond League","location":"Ashleytown Grounds Field #3"}
{"team1Name":"Port Michellehaven Mavericks","team2Name":"West Martinton Dolphins","week":5,"day":2,"start":19,"end":21,"season":2024,"league":"Diamond League","location":"Susanburgh Plaza Field #1"}
{"team1Name":"Weaverview Jacks","team2Name":"Wilkinsbury Commandos","week":5,"day":3,"start":20,"end":22,"season":2024,"league":"Diamond League","location":"Ashleytown Grounds Field #1"}
{"team1Name":"North Nicholas Warriors","team2Name":"East Brittneyfurt Americans","week":5,"day":3,"start":11,"end":13,"season":2024,"league":"Diamond League","location":"Ashleytown Grounds Field #2"}
{"team1Name":"West Markstad Sox","team2Name":"North Jamesside Rappers","week":5,"day":3,"start":11,"end":13,"season":2024,"league":"Diamond League","location":"Ashleytown Grounds Field #3"}
{"team1Name":"Port Michellehaven Mavericks","team2Name":"Taylorstad Wildcats","week":5,"day":3,"start":11,"end":13,"season":2024,"league":"Diamond League","location":"Susanburgh Plaza Field #1"}
{"team1Name":"Port Michellehaven Mavericks","team2Name":"Carlsonview Grizzlies","week":5,"day":4,"start":20,"end":22,"season":2024,"league":"Diamond League","location":"Ashleytown Grounds Field #1"}
{"team1Name":"West Martinton Dolphins","team2Name":"Hatfieldfurt Bears","week":5,"day":4,"start":9,"end":11,"season":2024,"league":"Diamond League","location":"Ashleytown Grounds Field #2"}
{"team1Name":"Brianburgh Pirates","team2Name":"Carlsonview Grizzlies","week":5,"day":4,"start":9,"end":11,"season":2024,"league":"Diamond League","location":"Ashleytown Grounds Field #3"}
{"team1Name":"North Melissa Pirates","team2Name":"Kellyhaven Vikings","week":5,"day":4,"start":10,"end":12,"season":2024,"league":"Diamond League","location":"Susanburgh Plaza Field #1"}
{"team1Name":"West Ronald Jacks","team2Name":"Wilkinsbury Commandos","week":5,"day":5,"start":9,"end":11,"season":2024,"league":"Diamond League","location":"Ashleytown Grounds Field #1"}
{"team1Name":"Jamesburgh Sox","team2Name":"North Nicholas Warriors","week":5,"day":5,"start":13,"end":15,"season":2024,"league":"Diamond League","location":"Ashleytown Grounds Field #2"}
{"team1Name":"New Gina Pirates","team2Name":"Port Loganberg Warriors","week":5,"day":5,"start":11,"end":13,"season":2024,"league":"Diamond League","location":"Ashleytown Grounds Field #3"}
{"team1Name":"Kellyhaven Vikings","team2Name":"Clairefort Hornets","week":5,"day":5,"start":13,"end":15,"season":2024,"league":"Diamond League","location":"Susanburgh Plaza Field #1"}
{"team1Name":"Richardborough Bears","team2Name":"New Alexandraview Celtics","week":5,"day":6,"start":13,"end":15,"season":2024,"league":"Diamond League","location":"Ashleytown Grounds Field #1"}
{"team1Name":"Richardborough Bears","team2Name":"West Martinton Dolphins","week":5,"day":6,"start":15,"end":17,"season":2024,"league":"Diamond League","location":"Ashleytown Grounds Field #2"}
{"team1Name":"Taylorstad Wildcats","team2Name":"North Nicholas Warriors","week":5,"day":6,"start":17,"end":19,"season":2024,"league":"Diamond League","location":"Ashleytown Grounds Field #3"}
{"team1Name":"Villaton Rappers","team2Name":"Jamesburgh Sox","week":5,"day":6,"start":20,"end":22,"season":2024,"league":"Diamond League","location":"Susanburgh Plaza Field #1"}
{"team1Name":"New Alexandraview Celtics","team2Name":"West Martinton Dolphins","week":5,"day":7,"start":12,"end":14,"season":2024,"league":"Diamond League","location":"Ashleytown Grounds Field #1"}
{"team1Name":"Jenniferport Commandos","team2Name":"Wilkinsbury Commandos","week":5,"day":7,"start":20,"end":22,"season":2024,"league":"Diamond League","location":"Ashleytown Grounds Field #2"}
{"team1Name":"Jenniferport Commandos","team2Name":"Jamesburgh Sox","week":5,"day":7,"start":12,"end":14,"season":2024,"league":"Diamond League","location":"Ashleytown Grounds Field #3"}
{"team1Name":"North Nicholas Warriors","team2Name":"West Martinton Dolphins","week":5,"day":7,"start":14,"end":16,"season":2024,"league":"Diamond League","location":"Susanburgh Plaza Field #1"}
{"team1Name":"West Ronald Jacks","team2Name":"East Brittneyfurt Americans","week":6,"day":1,"start":9,"end":11,"season":2024,"league":"Diamond League","location":"Ashleytown Grounds Field #1"}
{"team1Name":"Port Michellehaven Mavericks","team2Name":"East Brittneyfurt Americans","week":6,"day":1,"start":14,"end":16,"season":2024,"league":"Diamond League","location":"Ashleytown Grounds Field #2"}
{"team1Name":"Villaton Rappers","team2Name":"Kellyhaven Vikings","week":6,"day":1,"start":18,"end":20,"season":2024,"league":"Diamond League","location":"Ashleytown Grounds Field #3"}
{"team1Name":"North Nicholas Warriors","team2Name":"North Jamesside Rappers","week":6,"day":1,"start":18,"end":20,"season":2024,"league":"Diamond League","location":"Susanburgh Plaza Field #1"}
{"team1Name":"West Ronald Jacks","team2Name":"North Melissa Pirates","week":6,"day":2,"start":20,"end":22,"season":2024,"league":"Diamond League","location":"Ashleytown Grounds Field #1"}
{"team1Name":"Port Michellehaven Mavericks","team2Name":"Jamesburgh Sox","week":6,"day":2,"start":18,"end":20,"season":2024,"league":"Diamond League","location":"Ashleytown Grounds Field #2"}
{"team1Name":"Jenniferport Commandos","team2Name":"Port Loganberg Warriors","week":6,"day":2,"start":9,"end":11,"season":2024,"league":"Diamond League","location":"Ashleytown Grounds Field #3"}
{"team1Name":"West Markstad Sox","team2Name":"Wilkinsbury Commandos","week":6,"day":2,"start":18,"end":20,"season":2024,"league":"Diamond League","location":"Susanburgh Plaza Field #1"}
{"team1Name":"Taylorstad Wildcats","team2Name":"West Markstad Sox","week":6,"day":3,"start":19,"end":21,"season":2024,"league":"Diamond League","location":"Ashleytown Grounds Field #1"}
{"team1Name":"Jamesburgh Sox","team2Name":"Wilkinsbury Commandos","week":6,"day":3,"start":12,"end":14,"season":2024,"league":"Diamond League","location":"Ashleytown Grounds Field #2"}
{"team1Name":"Wilkinsbury Commandos","team2Name":"West Martinton Dolphins","week":6,"day":3,"start":20,"end":22,"season":2024,"league":"Diamond League","location":"Ashleytown Grounds Field #3"}
{"team1Name":"North Melissa Pirates","team2Name":"West Martinton Dolphins","week":6,"day":3,"start":15,"end":17,"season":2024,"league":"Diamond League","location":"Susanburgh Plaza Field #1"}
{"team1Name":"Taylorstad Wildcats","team2Name":"Villaton Rappers","week":6,"day":4,"start":12,"end":14,"season":2024,"league":"Diamond League","location":"Ashleytown Grounds Field #1"}
{"team1Name":"Carlsonview Grizzlies","team2Name":"Port Loganberg Warriors","week":6,"day":4,"start":17,"end":19,"season":2024,"league":"Diamond League","location":"Ashleytown Grounds Field #2"}
{"team1Name":"Brianburgh Pirates","team2Name":"Kellyhaven Vikings","week":6,"day":4,"start":9,"end":11,"season":2024,"league":"Diamond League","location":"Ashleytown Grounds Field #3"}
{"team1Name":"Hatfieldfurt Bears","team2Name":"Clairefort Hornets","week":6,"day":4,"start":15,"end":17,"season":2024,"league":"Diamond League","location":"Susanburgh Plaza Field #1"}
{"team1Name":"Brianburgh Pirates","team2Name":"West Martinton Dolphins","week":6,"day":5,"start":13,"end":15,"season":2024,"league":"Diamond League","location":"Ashleytown Grounds Field #1"}
{"team1Name":"New Gina Pirates","team2Name":"East Brittneyfurt Americans","week":6,"day":5,"start":18,"end":20,"season":2024,"league":"Diamond League","location":"Ashleytown Grounds Field #2"}
{"team1Name":"North Melissa Pirates","team2Name":"Hatfieldfurt Bears","week":6,"day":5,"start":13,"end":15,"season":2024,"league":"Diamond League","location":"Ashleytown Grounds Field #3"}
{"team1Name":"Bergfurt Hawks","team2Name":"Clairefort Hornets","week":6,"day":5,"start":11,"end":13,"season":2024,"league":"Diamond League","location":"Susanburgh Plaza Field #1"}
{"team1Name":"Taylorstad Wildcats","team2Name":"Port Loganberg Warriors","week":6,"day":6,"start":13,"end":15,"season":2024,"league":"Diamond League","location":"Ashleytown Grounds Field #1"}
{"team1Name":"Jamesburgh Sox","team2Name":"Port Loganberg Warriors","week":6,"day":6,"start":15,"end":17,"season":2024,"league":"Diamond League","location":"Ashleytown Grounds Field #2"}
{"team1Name":"Carlsonview Grizzlies","team2Name":"Villaton Rappers","week":6,"day":6,"start":15,"end":17,"season":2024,"league":"Diamond League","location":"Ashleytown Grounds Field #3"}
{"team1Name":"Bergfurt Hawks","team2Name":"North Jamesside Rappers","week":6,"day":6,"start":18,"end":20,"season":2024,"league":"Diamond League","location":"Susanburgh Plaza Field #1"}
{"team1Name":"Weaverview Jacks","team2Name":"Kellyhaven Vikings","week":6,"day":7,"start":17,"end":19,"season":2024,"league":"Diamond League","location":"Ashleytown Grounds Field #1"}
{"team1Name":"Taylorstad Wildcats","team2Name":"Clairefort Hornets","week":6,"day":7,"start":18,"end":20,"season":2024,"league":"Diamond League","location":"Ashleytown Grounds Field #2"}
{"team1Name":"Richardborough Bears","team2Name":"Wilkinsbury Commandos","week":6,"day":7,"start":9,"end":11,"season":2024,"league":"Diamond League","location":"Ashleytown Grounds Field #3"}
{"team1Name":"New Alexandraview Celtics","team2Name":"Kellyhaven Vikings","week":6,"day":7,"start":20,"end":22,"season":2024,"league":"Diamond League","location":"Susanburgh Plaza Field #1"}
{"team1Name":"West Ronald Jacks","team2Name":"Villaton Rappers","week":7,"day":1,"start":20,"end":22,"season":2024,"league":"Diamond League","location":"Ashleytown Grounds Field #1"}
{"team1Name":"Brianburgh Pirates","team2Name":"West Ronald Jacks","week":7,"day":1,"start":10,"end":12,"season":2024,"league":"Diamond League","location":"Ashleytown Grounds Field #2"}
{"team1Name":"New Gina Pirates","team2Name":"New Alexandraview Celtics","week":7,"day":1,"start":11,"end":13,"season":2024,"league":"Diamond League","location":"Ashleytown Grounds Field #3"}
{"team1Name":"New Alexandraview Celtics","team2Name":"West Markstad Sox","week":7,"day":1,"start":14,"end":16,"season":2024,"league":"Diamond League","location":"Susanburgh Plaza Field #1"}
{"team1Name":"Villaton Rappers","team2Name":"East Brittneyfurt Americans","week":7,"day":2,"start":17,"end":19,"season":2024,"league":"Diamond League","location":"Ashleytown Grounds Field #1"}
{"team1Name":"New Alexandraview Celtics","team2Name":"Clairefort Hornets","week":7,"day":2,"start":17,"end":19,"season":2024,"league":"Diamond League","location":"Ashleytown Grounds Field #2"}
{"team1Name":"Port Loganberg Warriors","team2Name":"North Jamesside Rappers","week":7,"day":2,"start":17,"end":19,"season":2024,"league":"Diamond League","location":"Ashleytown Grounds Field #3"}
{"team1Name":"Wilkinsbury Commandos","team2Name":"Bergfurt Hawks","week":7,"day":2,"start":18,"end":20,"season":2024,"league":"Diamond League","location":"Susanburgh Plaza Field #1"}
{"team1Name":"North Nicholas Warriors","team2Name":"Weaverview Jacks","week":7,"day":3,"start":15,"end":17,"season":2024,"league":"Diamond League","location":"Ashleytown Grounds Field #1"}
{"team1Name":"Taylorstad Wildcats","team2Name":"West Ronald Jacks","week":7,"day":3,"start":17,"end":19,"season":2024,"league":"Diamond League","location":"Ashleytown Grounds Field #2"}
{"team1Name":"New Alexandraview Celtics","team2Name":"North Nicholas Warriors","week":7,"day":3,"start":12,"end":14,"season":2024,"league":"Diamond League","location":"Ashleytown Grounds Field #3"}
{"team1Name":"West Ronald Jacks","team2Name":"Bergfurt Hawks","week":7,"day":3,"start":9,"end":11,"season":2024,"league":"Diamond League","location":"Susanburgh Plaza Field #1"}
{"team1Name":"Port Michellehaven Mavericks","team2Name":"New Gina Pirates","week":7,"day":4,"start":11,"end":13,"season":2024,"league":"Diamond League","location":"Ashleytown Grounds Field #1"}
{"team1Name":"Jenniferport Commandos","team2Name":"Carlsonview Grizzlies","week":7,"day":4,"start":17,"end":19,"season":2024,"league":"Diamond League","location":"Ashleytown Grounds Field #2"}
{"team1Name":"Richardborough Bears","team2Name":"North Melissa Pirates","week":7,"day":4,"start":20,"end":22,"season":2024,"league":"Diamond League","location":"Ashleytown Grounds Field #3"}
{"team1Name":"Port Loganberg Warriors","team2Name":"Kellyhaven Vikings","week":7,"day":4,"start":9,"end":11,"season":2024,"league":"Diamond League","location":"Susanburgh Plaza Field #1"}
{"team1Name":"North Melissa Pirates","team2Name":"East Brittneyfurt Americans","week":7,"day":5,"start":18,"end":20,"season":2024,"league":"Diamond League","location":"Ashleytown Grounds Field #1"}
{"team1Name":"Weaverview Jacks","team2Name":"West Martinton Dolphins","week":7,"day":5,"start":18,"end":20,"season":2024,"league":"Diamond League","location":"Ashleytown Grounds Field #2"}
{"team1Name":"Richardborough Bears","team2Name":"New Gina Pirates","week":7,"day":5,"start":12,"end":14,"season":2024,"league":"Diamond League","location":"Ashleytown Grounds Field #3"}
{"team1Name":"Jamesburgh Sox","team2Name":"Clairefort Hornets","week":7,"day":5,"start":19,"end":21,"season":2024,"league":"Diamond League","location":"Susanburgh Plaza Field #1"}
{"team1Name":"Jenniferport Commandos","team2Name":"Kellyhaven Vikings","week":7,"day":6,"start":13,"end":15,"season":2024,"league":"Diamond League","location":"Ashleytown Grounds Field #1"}
{"team1Name":"Villaton Rappers","team2Name":"North Melissa Pirates","week":7,"day":6,"start":14,"end":16,"season":2024,"league":"Diamond League","location":"Ashleytown Grounds Field #2"}
{"team1Name":"North Nicholas Warriors","team2Name":"Hatfieldfurt Bears","week":7,"day":6,"start":14,"end":16,"season":2024,"league":"Diamond League","location":"Ashleytown Grounds Field #3"}
{"team1Name":"Jamesburgh Sox","team2Name":"East Brittneyfurt Americans","week":7,"day":6,"start":13,"end":15,"season":2024,"league":"Diamond League","location":"Susanburgh Plaza Field #1"}
{"team1Name":"Clairefort Hornets","team2Name":"North Jamesside Rappers","week":7,"day":7,"start":15,"end":17,"season":2024,"league":"Diamond League","location":"Ashleytown Grounds Field #1"}
{"team1Name":"West Markstad Sox","team2Name":"North Melissa Pirates","week":7,"day":7,"start":12,"end":14,"season":2024,"league":"Diamond League","location":"Ashleytown Grounds Field #2"}
{"team1Name":"Jamesburgh Sox","team2Name":"North Melissa Pirates","week":7,"day":7,"start":18,"end":20,"season":2024,"league":"Diamond League","location":"Ashleytown Grounds Field #3"}
{"team1Name":"New Alexandraview Celtics","team2Name":"East Brittneyfurt Americans","week":7,"day":7,"start":18,"end":20,"season":2024,"league":"Diamond League","location":"Susanburgh Plaza Field #1"}
{"team1Name":"Villaton Rappers","team2Name":"Weaverview Jacks","week":8,"day":1,"start":16,"end":18,"season":2024,"league":"Diamond League","location":"Ashleytown Grounds Field #1"}
{"team1Name":"Carlsonview Grizzlies","team2Name":"North Jamesside Rappers","week":8,"day":1,"start":19,"end":21,"season":2024,"league":"Diamond League","location":"Ashleytown Grounds Field #2"}
{"team1Name":"Jenniferport Commandos","team2Name":"West Ronald Jacks","week":8,"day":1,"start":13,"end":15,"season":2024,"league":"Diamond League","location":"Ashleytown Grounds Field #3"}
{"team1Name":"Carlsonview Grizzlies","team2Name":"West Markstad Sox","week":8,"day":1,"start":17,"end":19,"season":2024,"league":"Diamond League","location":"Susanburgh Plaza Field #1"}
{"team1Name":"East Brittneyfurt Americans","team2Name":"North Jamesside Rappers","week":8,"day":2,"start":10,"end":12,"season":2024,"league":"Diamond League","location":"Ashleytown Grounds Field #1"}
{"team1Name":"Bergfurt Hawks","team2Name":"Hatfieldfurt Bears","week":8,"day":2,"start":18,"end":20,"season":2024,"league":"Diamond League","location":"Ashleytown Grounds Field #2"}
{"team1Name":"Taylorstad Wildcats","team2Name":"Hatfieldfurt Bears","week":8,"day":2,"start":11,"end":13,"season":2024,"league":"Diamond League","location":"Ashleytown Grounds Field #3"}
{"team1Name":"West Ronald Jacks","team2Name":"Richardborough Bears","week":8,"day":2,"start":9,"end":11,"season":2024,"league":"Diamond League","location":"Susanburgh Plaza Field #1"}
{"team1Name":"Carlsonview Grizzlies","team2Name":"Clairefort Hornets","week":8,"day":3,"start":15,"end":17,"season":2024,"league":"Diamond League","location":"Ashleytown Grounds Field #1"}
{"team1Name":"Weaverview Jacks","team2Name":"North Jamesside Rappers","week":8,"day":3,"start":12,"end":14,"season":2024,"league":"Diamond League","location":"Ashleytown Grounds Field #2"}
{"team1Name":"Jenniferport Commandos","team2Name":"North Melissa Pirates","week":8,"day":3,"start":17,"end":19,"season":2024,"league":"Diamond League","location":"Ashleytown Grounds Field #3"}
{"team1Name":"North Nicholas Warriors","team2Name":"West Markstad Sox","week":8,"day":3,"start":17,"end":19,"season":2024,"league":"Diamond League","location":"Susanburgh Plaza Field #1"}
{"team1Name":"West Ronald Jacks","team2Name":"Clairefort Hornets","week":8,"day":4,"start":9,"end":11,"season":2024,"league":"Diamond League","location":"Ashleytown Grounds Field #1"}
{"team1Name":"West Ronald Jacks","team2Name":"North Jamesside Rappers","week":8,"day":4,"start":16,"end":18,"season":2024,"league":"Diamond League","location":"Ashleytown Grounds Field #2"}
{"team1Name":"Kellyhaven Vikings","team2Name":"Hatfieldfurt Bears","week":8,"day":4,"start":9,"end":11,"season":2024,"league":"Diamond League","location":"Ashleytown Grounds Field #3"}
{"team1Name":"Villaton Rappers","team2Name":"Port Loganberg Warriors","week":8,"day":4,"start":12,"end":14,"season":2024,"league":"Diamond League","location":"Susanburgh Plaza Field #1"}
{"team1Name":"Brianburgh Pirates","team2Name":"New Alexandraview Celtics","week":8,"day":5,"start":12,"end":14,"season":2024,"league":"Diamond League","location":"Ashleytown Grounds Field #1"}
{"team1Name":"Brianburgh Pirates","team2Name":"Jamesburgh Sox","week":8,"day":5,"start":18,"end":20,"season":2024,"league":"Diamond League","location":"Ashleytown Grounds Field #2"}
{"team1Name":"East Brittneyfurt Americans","team2Name":"Kellyhaven Vikings","week":8,"day":5,"start":10,"end":12,"season":2024,"league":"Diamond League","location":"Ashleytown Grounds Field #3"}
{"team1Name":"Weaverview Jacks","team2Name":"North Melissa Pirates","week":8,"day":5,"start":15,"end":17,"season":2024,"league":"Diamond League","location":"Susanburgh Plaza Field #1"}
{"team1Name":"Taylorstad Wildcats","team2Name":"East Brittneyfurt Americans","week":8,"day":6,"start":11,"end":13,"season":2024,"league":"Diamond League","location":"Ashleytown Grounds Field #1"}
{"team1Name":"West Markstad Sox","team2Name":"Bergfurt Hawks","week":8,"day":6,"start":9,"end":11,"season":2024,"league":"Diamond League","location":"Ashleytown Grounds Field #2"}
{"team1Name":"Kellyhaven Vikings","team2Name":"North Jamesside Rappers","week":8,"day":6,"start":15,"end":17,"season":2024,"league":"Diamond League","location":"Ashleytown Grounds Field #3"}
{"team1Name":"Carlsonview Grizzlies","team2Name":"Kellyhaven Vikings","week":8,"day":6,"start":15,"end":17,"season":2024,"league":"Diamond League","location":"Susanburgh Plaza Field #1"}
{"team1Name":"Richardborough Bears","team2Name":"Port Loganberg Warriors","week":8,"day":7,"start":11,"end":13,"season":2024,"league":"Diamond League","location":"Ashleytown Grounds Field #1"}
{"team1Name":"Port Michellehaven Mavericks","team2Name":"New Alexandraview Celtics","week":8,"day":7,"start":11,"end":13,"season":2024,"league":"Diamond League","location":"Ashleytown Grounds Field #2"}
{"team1Name":"Jenniferport Commandos","team2Name":"Taylorstad Wildcats","week":8,"day":7,"start":15,"end":17,"season":2024,"league":"Diamond League","location":"Ashleytown Grounds Field #3"}
{"team1Name":"Weaverview Jacks","team2Name":"Clairefort Hornets","week":8,"day":7,"start":17,"end":19,"season":2024,"league":"Diamond League","location":"Susanburgh Plaza Field #1"}
{"team1Name":"Port Michellehaven Mavericks","team2Name":"Hatfieldfurt Bears","week":9,"day":1,"start":18,"end":20,"season":2024,"league":"Diamond League","location":"Ashleytown Grounds Field #1"}
{"team1Name":"Taylorstad Wildcats","team2Name":"Carlsonview Grizzlies","week":9,"day":1,"start":14,"end":16,"season":2024,"league":"Diamond League","location":"Ashleytown Grounds Field #2"}
{"team1Name":"Port Loganberg Warriors","team2Name":"East Brittneyfurt Americans","week":9,"day":1,"start":16,"end":18,"season":2024,"league":"Diamond League","location":"Ashleytown Grounds Field #3"}
{"team1Name":"West Ronald Jacks","team2Name":"Weaverview Jacks","week":9,"day":1,"start":9,"end":11,"season":2024,"league":"Diamond League","location":"Susanburgh Plaza Field #1"}
{"team1Name":"Richardborough Bears","team2Name":"Hatfieldfurt Bears","week":9,"day":2,"start":14,"end":16,"season":2024,"league":"Diamond League","location":"Ashleytown Grounds Field #1"}
{"team1Name":"Taylorstad Wildcats","team2Name":"Wilkinsbury Commandos","week":9,"day":2,"start":10,"end":12,"season":2024,"league":"Diamond League","location":"Ashleytown Grounds Field #2"}
{"team1Name":"West Ronald Jacks","team2Name":"Port Loganberg Warriors","week":9,"day":2,"start":14,"end":16,"season":2024,"league":"Diamond League","location":"Ashleytown Grounds Field #3"}
{"team1Name":"Carlsonview Grizzlies","team2Name":"Weaverview Jacks","week":9,"day":2,"start":9,"end":11,"season":2024,"league":"Diamond League","location":"Susanburgh Plaza Field #1"}
{"team1Name":"Jenniferport Commandos","team2Name":"West Martinton Dolphins","week":9,"day":3,"start":10,"end":12,"season":2024,"league":"Diamond League","location":"Ashleytown Grounds Field #1"}
{"team1Name":"Weaverview Jacks","team2Name":"Hatfieldfurt Bears","week":9,"day":3,"start":9,"end":11,"season":2024,"league":"Diamond League","location":"Ashleytown Grounds Field #2"}
{"team1Name":"Taylorstad Wildcats","team2Name":"North Melissa Pirates","week":9,"day":3,"start":16,"end":18,"season":2024,"league":"Diamond League","location":"Ashleytown Grounds Field #3"}
{"team1Name":"Weaverview Jacks","team2Name":"East Brittneyfurt Americans","week":9,"day":3,"start":11,"end":13,"season":2024,"league":"Diamond League","location":"Susanburgh Plaza Field #1"}
{"team1Name":"Port Michellehaven Mavericks","team2Name":"North Jamesside Rappers","week":9,"day":4,"start":15,"end":17,"season":2024,"league":"Diamond League","location":"Ashleytown Grounds Field #1"}
{"team1Name":"Taylorstad Wildcats","team2Name":"Weaverview Jacks","week":9,"day":4,"start":20,"end":22,"season":2024,"league":"Diamond League","location":"Ashleytown Grounds Field #2"}
{"team1Name":"Villaton Rappers","team2Name":"Hatfieldfurt Bears","week":9,"day":4,"start":16,"end":18,"season":2024,"league":"Diamond League","location":"Ashleytown Grounds Field #3"}
{"team1Name":"New Alexandraview Celtics","team2Name":"Wilkinsbury Commandos","week":9,"day":4,"start":11,"end":13,"season":2024,"league":"Diamond League","location":"Susanburgh Plaza Field #1"}
{"team1Name":"North Melissa Pirates","team2Name":"Bergfurt Hawks","week":9,"day":5,"start":17,"end":19,"season":2024,"league":"Diamond League","location":"Ashleytown Grounds Field #1"}
{"team1Name":"North Nicholas Warriors","team2Name":"Bergfurt Hawks","week":9,"day":5,"start":9,"end":11,"season":2024,"league":"Diamond League","location":"Ashleytown Grounds Field #2"}
{"team1Name":"East Brittneyfurt Americans","team2Name":"Bergfurt Hawks","week":9,"day":5,"start":12,"end":14,"season":2024,"league":"Diamond League","location":"Ashleytown Grounds Field #3"}
{"team1Name":"Taylorstad Wildcats","team2Name":"Jamesburgh Sox","week":9,"day":5,"start":19,"end":21,"season":2024,"league":"Diamond League","location":"Susanburgh Plaza Field #1"}
{"team1Name":"Jamesburgh Sox","team2Name":"Bergfurt Hawks","week":9,"day":6,"start":20,"end":22,"season":2024,"league":"Diamond League","location":"Ashleytown Grounds Field #1"}
{"team1Name":"Jamesburgh Sox","team2Name":"North Jamesside Rappers","week":9,"day":6,"start":17,"end":19,"season":2024,"league":"Diamond League","location":"Ashleytown Grounds Field #2"}
{"team1Name":"Port Loganberg Warriors","team2Name":"North Nicholas Warriors","week":9,"day":6,"start":18,"end":20,"season":2024,"league":"Diamond League","location":"Ashleytown Grounds Field #3"}
{"team1Name":"Jamesburgh Sox","team2Name":"West Martinton Dolphins","week":9,"day":6,"start":15,"end":17,"season":2024,"league":"Diamond League","location":"Susanburgh Plaza Field #1"}
{"team1Name":"Port Michellehaven Mavericks","team2Name":"West Ronald Jacks","week":9,"day":7,"start":9,"end":11,"season":2024,"league":"Diamond League","location":"Ashleytown Grounds Field #1"}
{"team1Name":"Brianburgh Pirates","team2Name":"New Gina Pirates","week":9,"day":7,"start":10,"end":12,"season":2024,"league":"Diamond League","location":"Ashleytown Grounds Field #2"}
{"team1Name":"Jenniferport Commandos","team2Name":"New Alexandraview Celtics","week":9,"day":7,"start":11,"end":13,"season":2024,"league":"Diamond League","location":"Ashleytown Grounds Field #3"}
{"team1Name":"Port Michellehaven Mavericks","team2Name":"Villaton Rappers","week":9,"day":7,"start":9,"end":11,"season":2024,"league":"Diamond League","location":"Susanburgh Plaza Field #1"}
{"team1Name":"Brianburgh Pirates","team2Name":"Clairefort Hornets","week":10,"day":1,"start":11,"end":13,"season":2024,"league":"Diamond League","location":"Ashleytown Grounds Field #1"}
{"team1Name":"Jamesburgh Sox","team2Name":"West Markstad Sox","week":10,"day":1,"start":11,"end":13,"season":2024,"league":"Diamond League","location":"Ashleytown Grounds Field #2"}
{"team1Name":"Richardborough Bears","team2Name":"Bergfurt Hawks","week":10,"day":1,"start":20,"end":22,"season":2024,"league":"Diamond League","location":"Ashleytown Grounds Field #3"}
{"team1Name":"Taylorstad Wildcats","team2Name":"Kellyhaven Vikings","week":10,"day":1,"start":13,"end":15,"season":2024,"league":"Diamond League","location":"Susanburgh Plaza Field #1"}
{"team1Name":"Brianburgh Pirates","team2Name":"Bergfurt Hawks","week":10,"day":2,"start":9,"end":11,"season":2024,"league":"Diamond League","location":"Ashleytown Grounds Field #1"}
{"team1Name":"East Brittneyfurt Americans","team2Name":"Hatfieldfurt Bears","week":10,"day":2,"start":20,"end":22,"season":2024,"league":"Diamond League","location":"Ashleytown Grounds Field #2"}
{"team1Name":"Carlsonview Grizzlies","team2Name":"North Melissa Pirates","week":10,"day":2,"start":12,"end":14,"season":2024,"league":"Diamond League","location":"Ashleytown Grounds Field #3"}
{"team1Name":"Jenniferport Commandos","team2Name":"East Brittneyfurt Americans","week":10,"day":2,"start":11,"end":13,"season":2024,"league":"Diamond League","location":"Susanburgh Plaza Field #1"}
{"team1Name":"West Markstad Sox","team2Name":"West Martinton Dolphins","week":10,"day":3,"start":19,"end":21,"season":2024,"league":"Diamond League","location":"Ashleytown Grounds Field #1"}
{"team1Name":"Carlsonview Grizzlies","team2Name":"North Nicholas Warriors","week":10,"day":3,"start":9,"end":11,"season":2024,"league":"Diamond League","location":"Ashleytown Grounds Field #2"}
{"team1Name":"Port Michellehaven Mavericks","team2Name":"Bergfurt Hawks","week":10,"day":3,"start":20,"end":22,"season":2024,"league":"Diamond League","location":"Ashleytown Grounds Field #3"}
{"team1Name":"New Gina Pirates","team2Name":"Wilkinsbury Commandos","week":10,"day":3,"start":14,"end":16,"season":2024,"league":"Diamond League","location":"Susanburgh Plaza Field #1"}
{"team1Name":"Brianburgh Pirates","team2Name":"North Melissa Pirates","week":10,"day":4,"start":10,"end":12,"season":2024,"league":"Diamond League","location":"Ashleytown Grounds Field #1"}
{"team1Name":"Taylorstad Wildcats","team2Name":"North Jamesside Rappers","week":10,"day":4,"start":9,"end":11,"season":2024,"league":"Diamond League","location":"Ashleytown Grounds Field #2"}
{"team1Name":"Richardborough Bears","team2Name":"North Nicholas Warriors","week":10,"day":4,"start":17,"end":19,"season":2024,"league":"Diamond League","location":"Ashleytown Grounds Field #3"}
{"team1Name":"Kellyhaven Vikings","team2Name":"Bergfurt Hawks","week":10,"day":4,"start":17,"end":19,"season":2024,"league":"Diamond League","location":"Susanburgh Plaza Field #1"}
{"team1Name":"New Gina Pirates","team2Name":"Bergfurt Hawks","week":10,"day":5,"start":12,"end":14,"season":2024,"league":"Diamond League","location":"Ashleytown Grounds Field #1"}
{"team1Name":"New Alexandraview Celtics","team2Name":"North Melissa Pirates","week":10,"day":5,"start":11,"end":13,"season":2024,"league":"Diamond League","location":"Ashleytown Grounds Field #2"}
{"team1Name":"West Martinton Dolphins","team2Name":"North Jamesside Rappers","week":10,"day":5,"start":19,"end":21,"season":2024,"league":"Diamond League","location":"Ashleytown Grounds Field #3"}
{"team1Name":"Brianburgh Pirates","team2Name":"East Brittneyfurt Americans","week":10,"day":5,"start":20,"end":22,"season":2024,"league":"Diamond League","location":"Susanburgh Plaza Field #1"}
{"team1Name":"Richardborough Bears","team2Name":"East Brittneyfurt Americans","week":10,"day":6,"start":14,"end":16,"season":2024,"league":"Diamond League","location":"Ashleytown Grounds Field #1"}
{"team1Name":"Carlsonview Grizzlies","team2Name":"New Alexandraview Celtics","week":10,"day":6,"start":13,"end":15,"season":2024,"league":"Diamond League","location":"Ashleytown Grounds Field #2"}
{"team1Name":"New Alexandraview Celtics","team2Name":"Jamesburgh Sox","week":10,"day":6,"start":15,"end":17,"season":2024,"league":"Diamond League","location":"Ashleytown Grounds Field #3"}
{"team1Name":"West Martinton Dolphins","team2Name":"Clairefort Hornets","week":10,"day":6,"start":16,"end":18,"season":2024,"league":"Diamond League","location":"Susanburgh Plaza Field #1"}
