venueId,region,name,field,d1Start,d1End,d2Start,d2End,d3Start,d3End,d4Start,d4End,d5Start,d5End,d6Start,d6End,d7Start,d7End,seasonStart,seasonEnd,seasonYear
1,West,Ashleytown Grounds,1,5.5,17.0,0.5,17.5,0.0,0.5,3.0,6.0,7.0,11.5,4.0,11.5,0.0,16.0,23,52,2024
2,West,Ashleytown Grounds,2,5.5,17.0,0.5,17.5,0.0,0.5,3.0,6.0,7.0,11.5,4.0,11.5,0.0,16.0,23,52,2024
3,West,Ashleytown Grounds,3,5.5,17.0,0.5,17.5,0.0,0.5,3.0,6.0,7.0,11.5,4.0,11.5,0.0,16.0,23,52,2024
4,West,Susanburgh Plaza,1,9.0,11.5,5.5,7.0,5.0,15.5,7.0,13.0,0.5,9.5,3.0,7.5,8.0,22.0,1,30,2024
