team1Name,team2Name,week,day,start,end,season,league,location
Team 8,Team 3,1,1,20,22,2024,League 1,Venue 1 Field #1
Team 1,Team 3,1,1,16,18,2024,League 1,Venue 1 Field #2
Team 4,Team 8,1,1,9,11,2024,League 1,Venue 1 Field #3
Team 6,Team 5,1,1,9,11,2024,League 1,Venue 1 Field #4
Team 1,Team 8,1,2,10,12,2024,League 1,Venue 1 Field #1
Team 3,Team 7,1,2,13,15,2024,League 1,Venue 1 Field #2
Team 7,Team 2,1,2,15,17,2024,League 1,Venue 1 Field #3
Team 2,Team 6,1,2,13,15,2024,League 1,Venue 1 Field #4
Team 1,Team 6,1,3,11,13,2024,League 1,Venue 1 Field #1
Team 7,Team 6,1,3,19,21,2024,League 1,Venue 1 Field #2
Team 8,Team 2,1,3,15,17,2024,League 1,Venue 1 Field #3
Team 1,Team 7,1,3,13,15,2024,League 1,Venue 1 Field #4
Team 4,Team 6,1,4,11,13,2024,League 1,Venue 1 Field #1
Team 8,Team 7,1,4,17,19,2024,League 1,Venue 1 Field #2
Team 7,Team 5,1,4,10,12,2024,League 1,Venue 1 Field #3
Team 3,Team 2,1,4,13,15,2024,League 1,Venue 1 Field #4
Team 4,Team 7,1,5,20,22,2024,League 1,Venue 1 Field #1
Team 4,Team 5,1,5,20,22,2024,League 1,Venue 1 Field #2
Team 3,Team 5,1,5,14,16,2024,League 1,Venue 1 Field #3
Team 1,Team 5,1,5,11,13,2024,League 1,Venue 1 Field #4
Team 3,Team 6,1,6,14,16,2024,League 1,Venue 1 Field #1
Team 8,Team 5,1,6,16,18,2024,League 1,Venue 1 Field #2
Team 2,Team 5,1,6,10,12,2024,League 1,Venue 1 Field #3
Team 4,Team 3,1,6,10,12,2024,League 1,Venue 1 Field #4
Team 1,Team 2,1,7,18,20,2024,League 1,Venue 1 Field #1
Team 4,Team 2,1,7,16,18,2024,League 1,Venue 1 Field #2
Team 1,Team 4,1,7,11,13,2024,League 1,Venue 1 Field #3
Team 8,Team 6,1,7,16,18,2024,League 1,Venue 1 Field #4
Team 10,Team 11,1,1,19,21,2024,League 2,Venue 1 Field #1
Team 15,Team 16,1,1,20,22,2024,League 2,Venue 1 Field #2
Team 14,Team 13,1,1,15,17,2024,League 2,Venue 1 Field #3
Team 12,Team 13,1,1,19,21,2024,League 2,Venue 1 Field #4
Team 12,Team 9,1,2,10,12,2024,League 2,Venue 1 Field #1
Team 13,Team 15,1,2,20,22,2024,League 2,Venue 1 Field #2
Team 10,Team 16,1,2,17,19,2024,League 2,Venue 1 Field #3
Team 12,Team 14,1,2,17,19,2024,League 2,Venue 1 Field #4
Team 13,Team 11,1,3,14,16,2024,League 2,Venue 1 Field #1
Team 13,Team 16,1,3,12,14,2024,League 2,Venue 1 Field #2
Team 14,Team 16,1,3,11,13,2024,League 2,Venue 1 Field #3
Team 12,Team 16,1,3,15,17,2024,League 2,Venue 1 Field #4
Team 14,Team 11,1,4,11,13,2024,League 2,Venue 1 Field #1
Team 9,Team 15,1,4,15,17,2024,League 2,Venue 1 Field #2
Team 10,Team 15,1,4,20,22,2024,League 2,Venue 1 Field #3
Team 14,Team 9,1,4,10,12,2024,League 2,Venue 1 Field #4
Team 10,Team 9,1,5,12,14,2024,League 2,Venue 1 Field #1
Team 10,Team 13,1,5,11,13,2024,League 2,Venue 1 Field #2
Team 14,Team 15,1,5,20,22,2024,League 2,Venue 1 Field #3
Team 15,Team 11,1,5,11,13,2024,League 2,Venue 1 Field #4
Team 9,Team 13,1,6,20,22,2024,League 2,Venue 1 Field #1
Team 9,Team 11,1,6,18,20,2024,League 2,Venue 1 Field #2
Team 12,Team 10,1,6,9,11,2024,League 2,Venue 1 Field #3
Team 12,Team 15,1,6,20,22,2024,League 2,Venue 1 Field #4
Team 12,Team 11,1,7,18,20,2024,League 2,Venue 1 Field #1
Team 16,Team 11,1,7,10,12,2024,League 2,Venue 1 Field #2
Team 10,Team 14,1,7,11,13,2024,League 2,Venue 1 Field #3
Team 9,Team 16,1,7,18,20,2024,League 2,Venue 1 Field #4
Team 19,Team 22,1,1,20,22,2024,League 3,Venue 1 Field #1
Team 21,Team 22,1,1,17,19,2024,League 3,Venue 1 Field #2
Team 24,Team 20,1,1,14,16,2024,League 3,Venue 1 Field #3
Team 20,Team 18,1,1,16,18,2024,League 3,Venue 1 Field #4
Team 22,Team 17,1,2,10,12,2024,League 3,Venue 1 Field #1
Team 22,Team 23,1,2,13,15,2024,League 3,Venue 1 Field #2
Team 19,Team 17,1,2,16,18,2024,League 3,Venue 1 Field #3
Team 24,Team 19,1,2,17,19,2024,League 3,Venue 1 Field #4
Team 19,Team 21,1,3,19,21,2024,League 3,Venue 1 Field #1
Team 23,Team 18,1,3,15,17,2024,League 3,Venue 1 Field #2
Team 24,Team 21,1,3,9,11,2024,League 3,Venue 1 Field #3
Team 17,Team 18,1,3,12,14,2024,League 3,Venue 1 Field #4
Team 22,Team 18,1,4,10,12,2024,League 3,Venue 1 Field #1
Team 24,Team 17,1,4,12,14,2024,League 3,Venue 1 Field #2
Team 20,Team 23,1,4,17,19,2024,League 3,Venue 1 Field #3
Team 17,Team 23,1,4,9,11,2024,League 3,Venue 1 Field #4
Team 21,Team 20,1,5,9,11,2024,League 3,Venue 1 Field #1
Team 21,Team 18,1,5,14,16,2024,League 3,Venue 1 Field #2
Team 24,Team 18,1,5,15,17,2024,League 3,Venue 1 Field #3
Team 21,Team 17,1,5,11,13,2024,League 3,Venue 1 Field #4
Team 20,Team 22,1,6,17,19,2024,League 3,Venue 1 Field #1
Team 19,Team 18,1,6,11,13,2024,League 3,Venue 1 Field #2
Team 24,Team 23,1,6,17,19,2024,League 3,Venue 1 Field #3
Team 19,Team 20,1,6,18,20,2024,League 3,Venue 1 Field #4
Team 19,Team 23,1,7,12,14,2024,League 3,Venue 1 Field #1
Team 24,Team 22,1,7,18,20,2024,League 3,Venue 1 Field #2
Team 21,Team 23,1,7,10,12,2024,League 3,Venue 1 Field #3
Team 20,Team 17,1,7,13,15,2024,League 3,Venue 1 Field #4
