team1Name,team2Name,week,day,start,end,season,league,location
Team 13,Team 11,1,1,13,15,2024,League 1,Venue 1 Field #1
Team 1,Team 4,1,1,12,14,2024,League 1,Venue 1 Field #2
Team 4,Team 11,1,1,13,15,2024,League 1,Venue 1 Field #3
Team 16,Team 9,1,1,12,14,2024,League 1,Venue 1 Field #4
Team 7,Team 12,1,2,11,13,2024,League 1,Venue 1 Field #1
Team 7,Team 6,1,2,16,18,2024,League 1,Venue 1 Field #2
Team 5,Team 11,1,2,13,15,2024,League 1,Venue 1 Field #3
Team 6,Team 4,1,2,18,20,2024,League 1,Venue 1 Field #4
Team 6,Team 3,1,3,17,19,2024,League 1,Venue 1 Field #1
Team 11,Team 12,1,3,16,18,2024,League 1,Venue 1 Field #2
Team 7,Team 15,1,3,17,19,2024,League 1,Venue 1 Field #3
Team 10,Team 9,1,3,12,14,2024,League 1,Venue 1 Field #4
Team 6,Team 2,1,4,19,21,2024,League 1,Venue 1 Field #1
Team 7,Team 14,1,4,14,16,2024,League 1,Venue 1 Field #2
Team 1,Team 8,1,4,18,20,2024,League 1,Venue 1 Field #3
Team 4,Team 15,1,4,14,16,2024,League 1,Venue 1 Field #4
Team 13,Team 2,1,5,20,22,2024,League 1,Venue 1 Field #1
Team 16,Team 2,1,5,20,22,2024,League 1,Venue 1 Field #2
Team 4,Team 2,1,5,12,14,2024,League 1,Venue 1 Field #3
Team 5,Team 12,1,5,19,21,2024,League 1,Venue 1 Field #4
Team 9,Team 14,1,6,13,15,2024,League 1,Venue 1 Field #1
Team 10,Team 15,1,6,12,14,2024,League 1,Venue 1 Field #2
Team 16,Team 3,1,6,10,12,2024,League 1,Venue 1 Field #3
Team 15,Team 14,1,6,16,18,2024,League 1,Venue 1 Field #4
Team 7,Team 3,1,7,15,17,2024,League 1,Venue 1 Field #1
Team 2,Team 12,1,7,15,17,2024,League 1,Venue 1 Field #2
Team 11,Team 14,1,7,17,19,2024,League 1,Venue 1 Field #3
Team 10,Team 13,1,7,9,11,2024,League 1,Venue 1 Field #4
Team 9,Team 4,2,1,20,22,2024,League 1,Venue 1 Field #1
Team 3,Team 11,2,1,13,15,2024,League 1,Venue 1 Field #2
Team 6,Team 11,2,1,15,17,2024,League 1,Venue 1 Field #3
Team 7,Team 4,2,1,14,16,2024,League 1,Venue 1 Field #4
Team 8,Team 14,2,2,14,16,2024,League 1,Venue 1 Field #1
Team 10,Team 11,2,2,20,22,2024,League 1,Venue 1 Field #2
Team 10,Team 5,2,2,17,19,2024,League 1,Venue 1 Field #3
Team 8,Team 11,2,2,9,11,2024,League 1,Venue 1 Field #4
Team 3,Team 15,2,3,18,20,2024,League 1,Venue 1 Field #1
Team 16,Team 11,2,3,20,22,2024,League 1,Venue 1 Field #2
Team 10,Team 3,2,3,13,15,2024,League 1,Venue 1 Field #3
Team 11,Team 2,2,3,17,19,2024,League 1,Venue 1 Field #4
Team 7,Team 13,2,4,17,19,2024,League 1,Venue 1 Field #1
Team 6,Team 14,2,4,19,21,2024,League 1,Venue 1 Field #2
Team 13,Team 3,2,4,13,15,2024,League 1,Venue 1 Field #3
Team 6,Team 12,2,4,14,16,2024,League 1,Venue 1 Field #4
Team 7,Team 11,2,5,11,13,2024,League 1,Venue 1 Field #1
Team 4,Team 14,2,5,11,13,2024,League 1,Venue 1 Field #2
Team 15,Team 2,2,5,12,14,2024,League 1,Venue 1 Field #3
Team 4,Team 12,2,5,15,17,2024,League 1,Venue 1 Field #4
Team 1,Team 10,2,6,9,11,2024,League 1,Venue 1 Field #1
Team 16,Team 10,2,6,18,20,2024,League 1,Venue 1 Field #2
Team 5,Team 8,2,6,11,13,2024,League 1,Venue 1 Field #3
Team 16,Team 7,2,6,19,21,2024,League 1,Venue 1 Field #4
Team 9,Team 12,2,7,16,18,2024,League 1,Venue 1 Field #1
Team 9,Team 5,2,7,20,22,2024,League 1,Venue 1 Field #2
Team 10,Team 6,2,7,20,22,2024,League 1,Venue 1 Field #3
Team 10,Team 2,2,7,12,14,2024,League 1,Venue 1 Field #4
Team 5,Team 15,3,1,16,18,2024,League 1,Venue 1 Field #1
Team 3,Team 8,3,1,9,11,2024,League 1,Venue 1 Field #2
Team 16,Team 8,3,1,18,20,2024,League 1,Venue 1 Field #3
Team 9,Team 2,3,1,20,22,2024,League 1,Venue 1 Field #4
Team 1,Team 13,3,2,16,18,2024,League 1,Venue 1 Field #1
Team 13,Team 12,3,2,13,15,2024,League 1,Venue 1 Field #2
Team 1,Team 14,3,2,12,14,2024,League 1,Venue 1 Field #3
Team 10,Team 8,3,2,13,15,2024,League 1,Venue 1 Field #4
Team 3,Team 4,3,3,16,18,2024,League 1,Venue 1 Field #1
Team 16,Team 6,3,3,9,11,2024,League 1,Venue 1 Field #2
Team 5,Team 13,3,3,16,18,2024,League 1,Venue 1 Field #3
Team 13,Team 8,3,3,15,17,2024,League 1,Venue 1 Field #4
Team 5,Team 14,3,4,17,19,2024,League 1,Venue 1 Field #1
Team 1,Team 2,3,4,15,17,2024,League 1,Venue 1 Field #2
Team 1,Team 9,3,4,11,13,2024,League 1,Venue 1 Field #3
Team 1,Team 3,3,4,12,14,2024,League 1,Venue 1 Field #4
Team 5,Team 3,3,5,20,22,2024,League 1,Venue 1 Field #1
Team 3,Team 2,3,5,12,14,2024,League 1,Venue 1 Field #2
Team 1,Team 11,3,5,14,16,2024,League 1,Venue 1 Field #3
Team 9,Team 13,3,5,17,19,2024,League 1,Venue 1 Field #4
Team 16,Team 13,3,6,19,21,2024,League 1,Venue 1 Field #1
Team 6,Team 13,3,6,15,17,2024,League 1,Venue 1 Field #2
Team 1,Team 6,3,6,19,21,2024,League 1,Venue 1 Field #3
Team 13,Team 14,3,6,11,13,2024,League 1,Venue 1 Field #4
Team 15,Team 12,3,7,18,20,2024,League 1,Venue 1 Field #1
Team 9,Team 15,3,7,14,16,2024,League 1,Venue 1 Field #2
Team 3,Team 12,3,7,17,19,2024,League 1,Venue 1 Field #3
Team 13,Team 15,3,7,15,17,2024,League 1,Venue 1 Field #4
Team 6,Team 15,4,1,15,17,2024,League 1,Venue 1 Field #1
Team 4,Team 8,4,1,19,21,2024,League 1,Venue 1 Field #2
Team 10,Team 4,4,1,19,21,2024,League 1,Venue 1 Field #3
Team 16,Team 15,4,1,17,19,2024,League 1,Venue 1 Field #4
Team 10,Team 14,4,2,17,19,2024,League 1,Venue 1 Field #1
Team 1,Team 7,4,2,14,16,2024,League 1,Venue 1 Field #2
Team 10,Team 7,4,2,13,15,2024,League 1,Venue 1 Field #3
Team 9,Team 3,4,2,13,15,2024,League 1,Venue 1 Field #4
Team 1,Team 5,4,3,17,19,2024,League 1,Venue 1 Field #1
Team 3,Team 14,4,3,9,11,2024,League 1,Venue 1 Field #2
Team 1,Team 15,4,3,13,15,2024,League 1,Venue 1 Field #3
Team 2,Team 14,4,3,10,12,2024,League 1,Venue 1 Field #4
Team 1,Team 12,4,4,17,19,2024,League 1,Venue 1 Field #1
Team 7,Team 5,4,4,15,17,2024,League 1,Venue 1 Field #2
Team 8,Team 2,4,4,11,13,2024,League 1,Venue 1 Field #3
Team 16,Team 14,4,4,13,15,2024,League 1,Venue 1 Field #4
Team 8,Team 12,4,5,17,19,2024,League 1,Venue 1 Field #1
Team 16,Team 12,4,5,14,16,2024,League 1,Venue 1 Field #2
Team 7,Team 2,4,5,15,17,2024,League 1,Venue 1 Field #3
Team 9,Team 7,4,5,11,13,2024,League 1,Venue 1 Field #4
Team 14,Team 12,4,6,10,12,2024,League 1,Venue 1 Field #1
Team 9,Team 11,4,6,18,20,2024,League 1,Venue 1 Field #2
Team 5,Team 6,4,6,19,21,2024,League 1,Venue 1 Field #3
Team 9,Team 6,4,6,20,22,2024,League 1,Venue 1 Field #4
Team 7,Team 8,4,7,11,13,2024,League 1,Venue 1 Field #1
Team 6,Team 8,4,7,12,14,2024,League 1,Venue 1 Field #2
Team 15,Team 11,4,7,17,19,2024,League 1,Venue 1 Field #3
Team 9,Team 8,4,7,16,18,2024,League 1,Venue 1 Field #4
Team 13,Team 4,5,1,14,16,2024,League 1,Venue 1 Field #1
Team 10,Team 12,5,1,11,13,2024,League 1,Venue 1 Field #2
Team 16,Team 4,5,1,12,14,2024,League 1,Venue 1 Field #3
Team 16,Team 1,5,1,13,15,2024,League 1,Venue 1 Field #4
Team 5,Team 2,5,2,9,11,2024,League 1,Venue 1 Field #1
Team 5,Team 4,5,2,14,16,2024,League 1,Venue 1 Field #2
Team 16,Team 5,5,2,10,12,2024,League 1,Venue 1 Field #3
Team 15,Team 8,5,2,9,11,2024,League 1,Venue 1 Field #4
