team1Name,team2Name,week,day,start,end,season,league,location
Team 8,Team 6,1,1,13,15,2024,League 1,Venue 1 Field #1
Team 5,Team 2,1,1,19,21,2024,League 1,Venue 1 Field #2
Team 6,Team 4,1,1,9,11,2024,League 1,Venue 1 Field #3
Team 7,Team 2,1,1,13,15,2024,League 1,Venue 1 Field #4
Team 7,Team 3,1,2,17,19,2024,League 1,Venue 1 Field #1
Team 7,Team 4,1,2,14,16,2024,League 1,Venue 1 Field #2
Team 8,Team 3,1,2,10,12,2024,League 1,Venue 1 Field #3
Team 8,Team 4,1,2,18,20,2024,League 1,Venue 1 Field #4
Team 5,Team 3,1,3,9,11,2024,League 1,Venue 1 Field #1
Team 7,Team 5,1,3,16,18,2024,League 1,Venue 1 Field #2
Team 6,Team 2,1,3,14,16,2024,League 1,Venue 1 Field #3
Team 1,Team 2,1,3,18,20,2024,League 1,Venue 1 Field #4
Team 1,Team 3,1,4,11,13,2024,League 1,Venue 1 Field #1
Team 3,Team 6,1,4,16,18,2024,League 1,Venue 1 Field #2
Team 4,Team 2,1,4,20,22,2024,League 1,Venue 1 Field #3
Team 3,Team 2,1,4,13,15,2024,League 1,Venue 1 Field #4
Team 8,Team 2,1,5,14,16,2024,League 1,Venue 1 Field #1
Team 8,Team 1,1,5,13,15,2024,League 1,Venue 1 Field #2
Team 5,Team 4,1,5,15,17,2024,League 1,Venue 1 Field #3
Team 7,Team 6,1,5,13,15,2024,League 1,Venue 1 Field #4
Team 1,Team 6,1,6,14,16,2024,League 1,Venue 1 Field #1
Team 3,Team 4,1,6,12,14,2024,League 1,Venue 1 Field #2
Team 5,Team 1,1,6,11,13,2024,League 1,Venue 1 Field #3
Team 5,Team 6,1,6,18,20,2024,League 1,Venue 1 Field #4
Team 7,Team 1,1,7,17,19,2024,League 1,Venue 1 Field #1
Team 7,Team 8,1,7,13,15,2024,League 1,Venue 1 Field #2
Team 1,Team 4,1,7,11,13,2024,League 1,Venue 1 Field #3
Team 8,Team 5,1,7,9,11,2024,League 1,Venue 1 Field #4
Team 11,Team 14,1,1,14,16,2024,League 2,Venue 1 Field #1
Team 15,Team 14,1,1,14,16,2024,League 2,Venue 1 Field #2
Team 10,Team 13,1,1,20,22,2024,League 2,Venue 1 Field #3
Team 10,Team 16,1,1,12,14,2024,League 2,Venue 1 Field #4
Team 10,Team 9,1,2,9,11,2024,League 2,Venue 1 Field #1
Team 16,Team 15,1,2,9,11,2024,League 2,Venue 1 Field #2
Team 11,Team 12,1,2,9,11,2024,League 2,Venue 1 Field #3
Team 15,Team 11,1,2,9,11,2024,League 2,Venue 1 Field #4
Team 9,Team 12,1,3,12,14,2024,League 2,Venue 1 Field #1
Team 15,Team 13,1,3,20,22,2024,League 2,Venue 1 Field #2
Team 10,Team 11,1,3,13,15,2024,League 2,Venue 1 Field #3
Team 15,Team 12,1,3,9,11,2024,League 2,Venue 1 Field #4
Team 14,Team 13,1,4,17,19,2024,League 2,Venue 1 Field #1
Team 12,Team 13,1,4,16,18,2024,League 2,Venue 1 Field #2
Team 10,Team 14,1,4,19,21,2024,League 2,Venue 1 Field #3
Team 9,Team 13,1,4,11,13,2024,League 2,Venue 1 Field #4
Team 16,Team 13,1,5,19,21,2024,League 2,Venue 1 Field #1
Team 10,Team 12,1,5,14,16,2024,League 2,Venue 1 Field #2
Team 16,Team 9,1,5,9,11,2024,League 2,Venue 1 Field #3
Team 11,Team 13,1,5,12,14,2024,League 2,Venue 1 Field #4
Team 16,Team 14,1,6,13,15,2024,League 2,Venue 1 Field #1
Team 10,Team 15,1,6,13,15,2024,League 2,Venue 1 Field #2
Team 15,Team 9,1,6,16,18,2024,League 2,Venue 1 Field #3
Team 16,Team 12,1,6,16,18,2024,League 2,Venue 1 Field #4
Team 9,Team 14,1,7,19,21,2024,League 2,Venue 1 Field #1
Team 9,Team 11,1,7,20,22,2024,League 2,Venue 1 Field #2
Team 16,Team 11,1,7,12,14,2024,League 2,Venue 1 Field #3
Team 12,Team 14,1,7,14,16,2024,League 2,Venue 1 Field #4
Team 20,Team 24,1,1,14,16,2024,League 3,Venue 1 Field #1
Team 22,Team 19,1,1,16,18,2024,League 3,Venue 1 Field #2
Team 21,Team 24,1,1,9,11,2024,League 3,Venue 1 Field #3
Team 24,Team 19,1,1,18,20,2024,League 3,Venue 1 Field #4
Team 18,Team 19,1,2,14,16,2024,League 3,Venue 1 Field #1
Team 17,Team 19,1,2,17,19,2024,League 3,Venue 1 Field #2
Team 22,Team 23,1,2,14,16,2024,League 3,Venue 1 Field #3
Team 17,Team 22,1,2,11,13,2024,League 3,Venue 1 Field #4
Team 20,Team 18,1,3,19,21,2024,League 3,Venue 1 Field #1
Team 23,Team 19,1,3,12,14,2024,League 3,Venue 1 Field #2
Team 17,Team 20,1,3,15,17,2024,League 3,Venue 1 Field #3
Team 20,Team 23,1,3,14,16,2024,League 3,Venue 1 Field #4
Team 20,Team 22,1,4,18,20,2024,League 3,Venue 1 Field #1
Team 17,Team 18,1,4,12,14,2024,League 3,Venue 1 Field #2
Team 22,Team 21,1,4,17,19,2024,League 3,Venue 1 Field #3
Team 17,Team 21,1,4,19,21,2024,League 3,Venue 1 Field #4
Team 20,Team 19,1,5,14,16,2024,League 3,Venue 1 Field #1
Team 20,Team 21,1,5,13,15,2024,League 3,Venue 1 Field #2
Team 22,Team 24,1,5,13,15,2024,League 3,Venue 1 Field #3
Team 24,Team 18,1,5,16,18,2024,League 3,Venue 1 Field #4
Team 21,Team 19,1,6,15,17,2024,League 3,Venue 1 Field #1
Team 22,Team 18,1,6,9,11,2024,League 3,Venue 1 Field #2
Team 21,Team 18,1,6,15,17,2024,League 3,Venue 1 Field #3
Team 24,Team 23,1,6,15,17,2024,League 3,Venue 1 Field #4
Team 17,Team 24,1,7,10,12,2024,League 3,Venue 1 Field #1
Team 21,Team 23,1,7,10,12,2024,League 3,Venue 1 Field #2
Team 23,Team 18,1,7,14,16,2024,League 3,Venue 1 Field #3
Team 17,Team 23,1,7,15,17,2024,League 3,Venue 1 Field #4
