{"team1Name":"Team 8","team2Name":"Team 6","week":1,"day":1,"start":13,"end":15,"season":2024,"league":"League 1","location":"Venue 1 Field #1"}
{"team1Name":"Team 5","team2Name":"Team 2","week":1,"day":1,"start":19,"end":21,"season":2024,"league":"League 1","location":"Venue 1 Field #2"}
{"team1Name":"Team 6","team2Name":"Team 4","week":1,"day":1,"start":9,"end":11,"season":2024,"league":"League 1","location":"Venue 1 Field #3"}
{"team1Name":"Team 7","team2Name":"Team 2","week":1,"day":1,"start":13,"end":15,"season":2024,"league":"League 1","location":"Venue 1 Field #4"}
{"team1Name":"Team 7","team2Name":"Team 3","week":1,"day":2,"start":17,"end":19,"season":2024,"league":"League 1","location":"Venue 1 Field #1"}
{"team1Name":"Team 7","team2Name":"Team 4","week":1,"day":2,"start":14,"end":16,"season":2024,"league":"League 1","location":"Venue 1 Field #2"}
{"team1Name":"Team 8","team2Name":"Team 3","week":1,"day":2,"start":10,"end":12,"season":2024,"league":"League 1","location":"Venue 1 Field #3"}
{"team1Name":"Team 8","team2Name":"Team 4","week":1,"day":2,"start":18,"end":20,"season":2024,"league":"League 1","location":"Venue 1 Field #4"}
{"team1Name":"Team 5","team2Name":"Team 3","week":1,"day":3,"start":9,"end":11,"season":2024,"league":"League 1","location":"Venue 1 Field #1"}
{"team1Name":"Team 7","team2Name":"Team 5","week":1,"day":3,"start":16,"end":18,"season":2024,"league":"League 1","location":"Venue 1 Field #2"}
{"team1Name":"Team 6","team2Name":"Team 2","week":1,"day":3,"start":14,"end":16,"season":2024,"league":"League 1","location":"Venue 1 Field #3"}
{"team1Name":"Team 1","team2Name":"Team 2","week":1,"day":3,"start":18,"end":20,"season":2024,"league":"League 1","location":"Venue 1 Field #4"}
{"team1Name":"Team 1","team2Name":"Team 3","week":1,"day":4,"start":11,"end":13,"season":2024,"league":"League 1","location":"Venue 1 Field #1"}
{"team1Name":"Team 3","team2Name":"Team 6","week":1,"day":4,"start":16,"end":18,"season":2024,"league":"League 1","location":"Venue 1 Field #2"}
{"team1Name":"Team 4","team2Name":"Team 2","week":1,"day":4,"start":20,"end":22,"season":2024,"league":"League 1","location":"Venue 1 Field #3"}
{"team1Name":"Team 3","team2Name":"Team 2","week":1,"day":4,"start":13,"end":15,"season":2024,"league":"League 1","location":"Venue 1 Field #4"}
{"team1Name":"Team 8","team2Name":"Team 2","week":1,"day":5,"start":14,"end":16,"season":2024,"league":"League 1","location":"Venue 1 Field #1"}
{"team1Name":"Team 8","team2Name":"Team 1","week":1,"day":5,"start":13,"end":15,"season":2024,"league":"League 1","location":"Venue 1 Field #2"}
{"team1Name":"Team 5","team2Name":"Team 4","week":1,"day":5,"start":15,"end":17,"season":2024,"league":"League 1","location":"Venue 1 Field #3"}
{"team1Name":"Team 7","team2Name":"Team 6","week":1,"day":5,"start":13,"end":15,"season":2024,"league":"League 1","location":"Venue 1 Field #4"}
{"team1Name":"Team 1","team2Name":"Team 6","week":1,"day":6,"start":14,"end":16,"season":2024,"league":"League 1","location":"Venue 1 Field #1"}
{"team1Name":"Team 3","team2Name":"Team 4","week":1,"day":6,"start":12,"end":14,"season":2024,"league":"League 1","location":"Venue 1 Field #2"}
{"team1Name":"Team 5","team2Name":"Team 1","week":1,"day":6,"start":11,"end":13,"season":2024,"league":"League 1","location":"Venue 1 Field #3"}
{"team1Name":"Team 5","team2Name":"Team 6","week":1,"day":6,"start":18,"end":20,"season":2024,"league":"League 1","location":"Venue 1 Field #4"}
{"team1Name":"Team 7","team2Name":"Team 1","week":1,"day":7,"start":17,"end":19,"season":2024,"league":"League 1","location":"Venue 1 Field #1"}
{"team1Name":"Team 7","team2Name":"Team 8","week":1,"day":7,"start":13,"end":15,"season":2024,"league":"League 1","location":"Venue 1 Field #2"}
{"team1Name":"Team 1","team2Name":"Team 4","week":1,"day":7,"start":11,"end":13,"season":2024,"league":"League 1","location":"Venue 1 Field #3"}
{"team1Name":"Team 8","team2Name":"Team 5","week":1,"day":7,"start":9,"end":11,"season":2024,"league":"League 1","location":"Venue 1 Field #4"}
{"team1Name":"Team 11","team2Name":"Team 14","week":1,"day":1,"start":14,"end":16,"season":2024,"league":"League 2","location":"Venue 1 Field #1"}
{"team1Name":"Team 15","team2Name":"Team 14","week":1,"day":1,"start":14,"end":16,"season":2024,"league":"League 2","location":"Venue 1 Field #2"}
{"team1Name":"Team 10","team2Name":"Team 13","week":1,"day":1,"start":20,"end":22,"season":2024,"league":"League 2","location":"Venue 1 Field #3"}
{"team1Name":"Team 10","team2Name":"Team 16","week":1,"day":1,"start":12,"end":14,"season":2024,"league":"League 2","location":"Venue 1 Field #4"}
{"team1Name":"Team 10","team2Name":"Team 9","week":1,"day":2,"start":9,"end":11,"season":2024,"league":"League 2","location":"Venue 1 Field #1"}
{"team1Name":"Team 16","team2Name":"Team 15","week":1,"day":2,"start":9,"end":11,"season":2024,"league":"League 2","location":"Venue 1 Field #2"}
{"team1Name":"Team 11","team2Name":"Team 12","week":1,"day":2,"start":9,"end":11,"season":2024,"league":"League 2","location":"Venue 1 Field #3"}
{"team1Name":"Team 15","team2Name":"Team 11","week":1,"day":2,"start":9,"end":11,"season":2024,"league":"League 2","location":"Venue 1 Field #4"}
{"team1Name":"Team 9","team2Name":"Team 12","week":1,"day":3,"start":12,"end":14,"season":2024,"league":"League 2","location":"Venue 1 Field #1"}
{"team1Name":"Team 15","team2Name":"Team 13","week":1,"day":3,"start":20,"end":22,"season":2024,"league":"League 2","location":"Venue 1 Field #2"}
{"team1Name":"Team 10","team2Name":"Team 11","week":1,"day":3,"start":13,"end":15,"season":2024,"league":"League 2","location":"Venue 1 Field #3"}
{"team1Name":"Team 15","team2Name":"Team 12","week":1,"day":3,"start":9,"end":11,"season":2024,"league":"League 2","location":"Venue 1 Field #4"}
{"team1Name":"Team 14","team2Name":"Team 13","week":1,"day":4,"start":17,"end":19,"season":2024,"league":"League 2","location":"Venue 1 Field #1"}
{"team1Name":"Team 12","team2Name":"Team 13","week":1,"day":4,"start":16,"end":18,"season":2024,"league":"League 2","location":"Venue 1 Field #2"}
{"team1Name":"Team 10","team2Name":"Team 14","week":1,"day":4,"start":19,"end":21,"season":2024,"league":"League 2","location":"Venue 1 Field #3"}
{"team1Name":"Team 9","team2Name":"Team 13","week":1,"day":4,"start":11,"end":13,"season":2024,"league":"League 2","location":"Venue 1 Field #4"}
{"team1Name":"Team 16","team2Name":"Team 13","week":1,"day":5,"start":19,"end":21,"season":2024,"league":"League 2","location":"Venue 1 Field #1"}
{"team1Name":"Team 10","team2Name":"Team 12","week":1,"day":5,"start":14,"end":16,"season":2024,"league":"League 2","location":"Venue 1 Field #2"}
{"team1Name":"Team 16","team2Name":"Team 9","week":1,"day":5,"start":9,"end":11,"season":2024,"league":"League 2","location":"Venue 1 Field #3"}
{"team1Name":"Team 11","team2Name":"Team 13","week":1,"day":5,"start":12,"end":14,"season":2024,"league":"League 2","location":"Venue 1 Field #4"}
{"team1Name":"Team 16","team2Name":"Team 14","week":1,"day":6,"start":13,"end":15,"season":2024,"league":"League 2","location":"Venue 1 Field #1"}
{"team1Name":"Team 10","team2Name":"Team 15","week":1,"day":6,"start":13,"end":15,"season":2024,"league":"League 2","location":"Venue 1 Field #2"}
{"team1Name":"Team 15","team2Name":"Team 9","week":1,"day":6,"start":16,"end":18,"season":2024,"league":"League 2","location":"Venue 1 Field #3"}
{"team1Name":"Team 16","team2Name":"Team 12","week":1,"day":6,"start":16,"end":18,"season":2024,"league":"League 2","location":"Venue 1 Field #4"}
{"team1Name":"Team 9","team2Name":"Team 14","week":1,"day":7,"start":19,"end":21,"season":2024,"league":"League 2","location":"Venue 1 Field #1"}
{"team1Name":"Team 9","team2Name":"Team 11","week":1,"day":7,"start":20,"end":22,"season":2024,"league":"League 2","location":"Venue 1 Field #2"}
{"team1Name":"Team 16","team2Name":"Team 11","week":1,"day":7,"start":12,"end":14,"season":2024,"league":"League 2","location":"Venue 1 Field #3"}
{"team1Name":"Team 12","team2Name":"Team 14","week":1,"day":7,"start":14,"end":16,"season":2024,"league":"League 2","location":"Venue 1 Field #4"}
{"team1Name":"Team 20","team2Name":"Team 24","week":1,"day":1,"start":14,"end":16,"season":2024,"league":"League 3","location":"Venue 1 Field #1"}
{"team1Name":"Team 22","team2Name":"Team 19","week":1,"day":1,"start":16,"end":18,"season":2024,"league":"League 3","location":"Venue 1 Field #2"}
{"team1Name":"Team 21","team2Name":"Team 24","week":1,"day":1,"start":9,"end":11,"season":2024,"league":"League 3","location":"Venue 1 Field #3"}
{"team1Name":"Team 24","team2Name":"Team 19","week":1,"day":1,"start":18,"end":20,"season":2024,"league":"League 3","location":"Venue 1 Field #4"}
{"team1Name":"Team 18","team2Name":"Team 19","week":1,"day":2,"start":14,"end":16,"season":2024,"league":"League 3","location":"Venue 1 Field #1"}
{"team1Name":"Team 17","team2Name":"Team 19","week":1,"day":2,"start":17,"end":19,"season":2024,"league":"League 3","location":"Venue 1 Field #2"}
{"team1Name":"Team 22","team2Name":"Team 23","week":1,"day":2,"start":14,"end":16,"season":2024,"league":"League 3","location":"Venue 1 Field #3"}
{"team1Name":"Team 17","team2Name":"Team 22","week":1,"day":2,"start":11,"end":13,"season":2024,"league":"League 3","location":"Venue 1 Field #4"}
{"team1Name":"Team 20","team2Name":"Team 18","week":1,"day":3,"start":19,"end":21,"season":2024,"league":"League 3","location":"Venue 1 Field #1"}
{"team1Name":"Team 23","team2Name":"Team 19","week":1,"day":3,"start":12,"end":14,"season":2024,"league":"League 3","location":"Venue 1 Field #2"}
{"team1Name":"Team 17","team2Name":"Team 20","week":1,"day":3,"start":15,"end":17,"season":2024,"league":"League 3","location":"Venue 1 Field #3"}
{"team1Name":"Team 20","team2Name":"Team 23","week":1,"day":3,"start":14,"end":16,"season":2024,"league":"League 3","location":"Venue 1 Field #4"}
{"team1Name":"Team 20","team2Name":"Team 22","week":1,"day":4,"start":18,"end":20,"season":2024,"league":"League 3","location":"Venue 1 Field #1"}
{"team1Name":"Team 17","team2Name":"Team 18","week":1,"day":4,"start":12,"end":14,"season":2024,"league":"League 3","location":"Venue 1 Field #2"}
{"team1Name":"Team 22","team2Name":"Team 21","week":1,"day":4,"start":17,"end":19,"season":2024,"league":"League 3","location":"Venue 1 Field #3"}
{"team1Name":"Team 17","team2Name":"Team 21","week":1,"day":4,"start":19,"end":21,"season":2024,"league":"League 3","location":"Venue 1 Field #4"}
{"team1Name":"Team 20","team2Name":"Team 19","week":1,"day":5,"start":14,"end":16,"season":2024,"league":"League 3","location":"Venue 1 Field #1"}
{"team1Name":"Team 20","team2Name":"Team 21","week":1,"day":5,"start":13,"end":15,"season":2024,"league":"League 3","location":"Venue 1 Field #2"}
{"team1Name":"Team 22","team2Name":"Team 24","week":1,"day":5,"start":13,"end":15,"season":2024,"league":"League 3","location":"Venue 1 Field #3"}
{"team1Name":"Team 24","team2Name":"Team 18","week":1,"day":5,"start":16,"end":18,"season":2024,"league":"League 3","location":"Venue 1 Field #4"}
{"team1Name":"Team 21","team2Name":"Team 19","week":1,"day":6,"start":15,"end":17,"season":2024,"league":"League 3","location":"Venue 1 Field #1"}
{"team1Name":"Team 22","team2Name":"Team 18","week":1,"day":6,"start":9,"end":11,"season":2024,"league":"League 3","location":"Venue 1 Field #2"}
{"team1Name":"Team 21","team2Name":"Team 18","week":1,"day":6,"start":15,"end":17,"season":2024,"league":"League 3","location":"Venue 1 Field #3"}
{"team1Name":"Team 24","team2Name":"Team 23","week":1,"day":6,"start":15,"end":17,"season":2024,"league":"League 3","location":"Venue 1 Field #4"}
{"team1Name":"Team 17","team2Name":"Team 24","week":1,"day":7,"start":10,"end":12,"season":2024,"league":"League 3","location":"Venue 1 Field #1"}
{"team1Name":"Team 21","team2Name":"Team 23","week":1,"day":7,"start":10,"end":12,"season":2024,"league":"League 3","location":"Venue 1 Field #2"}
{"team1Name":"Team 23","team2Name":"Team 18","week":1,"day":7,"start":14,"end":16,"season":2024,"league":"League 3","location":"Venue 1 Field #3"}
{"team1Name":"Team 17","team2Name":"Team 23","week":1,"day":7,"start":15,"end":17,"season":2024,"league":"League 3","location":"Venue 1 Field #4"}
