team1Name,team2Name,week,day,start,end,season,league,location
Team 7,Team 3,1,1,11,13,2024,League 1,Venue 1 Field #1
Team 1,Team 5,1,1,12,14,2024,League 1,Venue 1 Field #2
Team 8,Team 4,1,1,17,19,2024,League 1,Venue 1 Field #3
Team 3,Team 2,1,1,19,21,2024,League 1,Venue 1 Field #4
Team 8,Team 3,1,2,20,22,2024,League 1,Venue 1 Field #1
Team 1,Team 6,1,2,17,19,2024,League 1,Venue 1 Field #2
Team 8,Team 2,1,2,13,15,2024,League 1,Venue 1 Field #3
Team 4,Team 6,1,2,16,18,2024,League 1,Venue 1 Field #4
Team 2,Team 6,1,3,19,21,2024,League 1,Venue 1 Field #1
Team 7,Team 1,1,3,20,22,2024,League 1,Venue 1 Field #2
Team 6,Team 5,1,3,17,19,2024,League 1,Venue 1 Field #3
Team 8,Team 1,1,3,13,15,2024,League 1,Venue 1 Field #4
Team 3,Team 6,1,4,16,18,2024,League 1,Venue 1 Field #1
Team 7,Team 2,1,4,18,20,2024,League 1,Venue 1 Field #2
Team 7,Team 4,1,4,9,11,2024,League 1,Venue 1 Field #3
Team 7,Team 5,1,4,19,21,2024,League 1,Venue 1 Field #4
Team 4,Team 2,1,5,15,17,2024,League 1,Venue 1 Field #1
Team 7,Team 6,1,5,13,15,2024,League 1,Venue 1 Field #2
Team 8,Team 5,1,5,10,12,2024,League 1,Venue 1 Field #3
Team 2,Team 1,1,5,13,15,2024,League 1,Venue 1 Field #4
Team 3,Team 5,1,6,16,18,2024,League 1,Venue 1 Field #1
Team 4,Team 1,1,6,12,14,2024,League 1,Venue 1 Field #2
Team 4,Team 5,1,6,14,16,2024,League 1,Venue 1 Field #3
Team 8,Team 6,1,6,11,13,2024,League 1,Venue 1 Field #4
Team 8,Team 7,1,7,20,22,2024,League 1,Venue 1 Field #1
Team 2,Team 5,1,7,20,22,2024,League 1,Venue 1 Field #2
Team 3,Team 1,1,7,9,11,2024,League 1,Venue 1 Field #3
Team 4,Team 3,1,7,13,15,2024,League 1,Venue 1 Field #4
